year,vintage,type,dwellings
1991,total,total,2634300.0
1991,<1945,total,474795.0
1991,<1920,total,204285.0
1991,1921-1945,total,270510.0
1991,1946-1970,total,994930.0
1991,1946-1960,total,495950.0
1991,1961-1970,total,498975.0
1991,1971-1985,total,825455.0
1991,1971-1980,total,600180.0
1991,1981-1985,total,225270.0
1991,1986 +,total,339125.0
1991,1986-1990,total,328310.0
1991,1991(1),total,10820.0
1991,1981-1990,total,553580.0
1991,1991-1995,total,10820.0
1991,1996-2000,total,0.0
1991,2001-2005,total,0.0
1991,2006-2010,total,0.0
1991,2011-2015,total,0.0
1991,2016-2020,total,0.0
1991,2021-2025,total,0.0
2006,total,total,3189345.0
2006,<1920,total,210025.0
2006,1921-1945,total,230575.0
2006,1946-1960,total,538440.0
2006,1961-1970,total,494995.0
2006,1971-1980,total,610930.0
2006,1981-1985,total,255855.0
2006,1986-1990,total,276260.0
2006,1991-1995,total,213405.0
2006,1996-2000,total,142945.0
2006,2001-2005,total,199293.0
2006,2006-2010,total,16607.0
2006,1981-1990,total,532115.0
2006,2011-2015,total,0.0
2006,2016-2020,total,0.0
2006,2021-2025,total,0.0
2021,total,total,3749035.0
2021,<1920,total,215130.0
2021,1921-1945,total,191220.0
2021,1946-1960,total,473025.0
2021,1961-1970,total,490395.0
2021,1971-1980,total,624300.0
2021,1981-1990,total,509125.0
2021,1991-1995,total,219080.0
2021,1996-2000,total,166240.0
2021,2001-2005,total,198590.0
2021,2006-2010,total,231935.0
2021,2011-2015,total,212285.0
2021,2016-2020,total,200968.0
2021,2021-2025,total,16747.0
1961,total,total,1198368.0
1961,<1945,total,659505.0
1961,<1920,total,357568.0
1961,1921-1945,total,301937.0
1961,1946-1960,total,517929.0
1961,1946-1959,total,484486.0
1961,1960-1960,total,33443.0
1961,1961-1965,total,13934.0
1961,1961-1970,total,13934.0
1961,1971-1980,total,0.0
1961,1981-1990,total,0.0
1961,1991-1995,total,0.0
1961,1996-2000,total,0.0
1961,2001-2005,total,0.0
1961,2006-2010,total,0.0
1961,2011-2015,total,0.0
1961,2016-2020,total,0.0
1961,2021-2025,total,0.0
2016,total,total,3531660.0
2016,<1920,total,204420.0
2016,1921-1945,total,197305.0
2016,1946-1960,total,492770.0
2016,1961-1970,total,491450.0
2016,1971-1980,total,625310.0
2016,1981-1990,total,503495.0
2016,1991-1995,total,214310.0
2016,1996-2000,total,154710.0
2016,2001-2005,total,196830.0
2016,2006-2010,total,241550.0
2016,2011-2015,total,193399.0
2016,2016-2020,total,16116.0
2016,2021-2025,total,0.0
2011,total,total,3395220.0
2011,<1920,total,213270.0
2011,1921-1945,total,215635.0
2011,1946-1960,total,517985.0
2011,1961-1970,total,507745.0
2011,1971-1980,total,607710.0
2011,1981-1990,total,533790.0
2011,1991-1995,total,207655.0
2011,1996-2000,total,145695.0
2011,2001-2005,total,206040.0
2011,2006-2010,total,221248.0
2011,2011-2015,total,18437.0
2011,2016-2020,total,0.0
2011,2021-2025,total,0.0
1996,total,total,2822030.0
1996,<1945,total,458200.0
1996,<1920,total,200470.0
1996,1921-1945,total,257735.0
1996,1946-1970,total,1015760.0
1996,1946-1960,total,522165.0
1996,1961-1970,total,493595.0
1996,1971-1985,total,836495.0
1996,1971-1980,total,604805.0
1996,1981-1985,total,231690.0
1996,1986 +,total,511570.0
1996,1986-1990,total,298410.0
1996,1991-1995,total,208485.0
1996,1996(1),total,4675.0
1996,1981-1990,total,530100.0
1996,1996-2000,total,4675.0
1996,2001-2005,total,0.0
1996,2006-2010,total,0.0
1996,2011-2015,total,0.0
1996,2016-2020,total,0.0
1996,2021-2025,total,0.0
1971,total,total,1603685.0
1971,<1945,total,601660.0
1971,<1920,total,316030.0
1971,1921-1945,total,285630.0
1971,1946-1970,total,985195.0
1971,1946-1960,total,543550.0
1971,1961-1965,total,226985.0
1971,1966-1969,total,174280.0
1971,1970-1970,total,40380.0
1971,1971-1975,total,16825.0
1971,1961-1970,total,441645.0
1971,1971-1980,total,16825.0
1971,1981-1990,total,0.0
1971,1991-1995,total,0.0
1971,1996-2000,total,0.0
1971,2001-2005,total,0.0
1971,2006-2010,total,0.0
1971,2011-2015,total,0.0
1971,2016-2020,total,0.0
1971,2021-2025,total,0.0
1986,total,total,2357105.0
1986,<1945,total,504315.0
1986,<1920,total,223630.0
1986,1921-1945,total,280685.0
1986,1946-1970,total,976600.0
1986,1946-1960,total,506720.0
1986,1961-1970,total,469880.0
1986,1971-1985,total,860050.0
1986,1971-1975,total,337790.0
1986,1976-1980,total,309455.0
1986,1981-1985,total,212805.0
1986,1986 +,total,15965.0
1986,1986-1990,total,15965.0
1986,1986(1),total,15965.0
1986,1971-1980,total,647245.0
1986,1981-1990,total,228770.0
1986,1991-1995,total,0.0
1986,1996-2000,total,0.0
1986,2001-2005,total,0.0
1986,2006-2010,total,0.0
1986,2011-2015,total,0.0
1986,2016-2020,total,0.0
1986,2021-2025,total,0.0
1981,total,total,2172855.0
1981,<1945,total,533290.0
1981,<1920,total,
1981,1921-1945,total,
1981,1946-1970,total,998930.0
1981,1946-1960,total,518040.0
1981,1961-1970,total,480890.0
1981,1971-1980,total,615015.0
1981,1971-1975,total,
1981,1976-1980,total,
1981,1981-1985,total,25625.0
1981,1981-1990,total,25625.0
1981,1991-1995,total,0.0
1981,1996-2000,total,0.0
1981,2001-2005,total,0.0
1981,2006-2010,total,0.0
1981,2011-2015,total,0.0
1981,2016-2020,total,0.0
1981,2021-2025,total,0.0
2001,total,total,2978115.0
2001,<1945,total,450225.0
2001,<1920,total,
2001,1921-1945,total,
2001,1946-1970,total,1039590.0
2001,1946-1960,total,533870.0
2001,1961-1970,total,505720.0
2001,1971-1985,total,857680.0
2001,1971-1980,total,610275.0
2001,1981-1985,total,247405.0
2001,1986 +,total,630615.0
2001,1986-1990,total,283175.0
2001,1991-1995,total,207945.0
2001,1996-2000,total,128765.0
2001,2001-2005,total,10730.0
2001,1981-1990,total,530580.0
2001,2006-2010,total,0.0
2001,2011-2015,total,0.0
2001,2016-2020,total,0.0
2001,2021-2025,total,0.0
1991,total,single_detached,1174795.0
1991,<1945,single_detached,184310.0
1991,<1920,single_detached,96875.0
1991,1921-1945,single_detached,87435.0
1991,1946-1970,single_detached,402970.0
1991,1946-1960,single_detached,196440.0
1991,1961-1970,single_detached,206530.0
1991,1971-1985,single_detached,430270.0
1991,1971-1980,single_detached,321925.0
1991,1981-1985,single_detached,108345.0
1991,1986 +,single_detached,157245.0
1991,1986-1990,single_detached,152450.0
1991,1991(1),single_detached,4795.0
1991,1981-1990,single_detached,260795.0
1991,1991-1995,single_detached,4795.0
1991,1996-2000,single_detached,0.0
1991,2001-2005,single_detached,0.0
1991,2006-2010,single_detached,0.0
1991,2011-2015,single_detached,0.0
1991,2016-2020,single_detached,0.0
1991,2021-2025,single_detached,0.0
2006,total,single_detached,1458400.0
2006,<1920,single_detached,95160.0
2006,1921-1945,single_detached,73465.0
2006,1946-1960,single_detached,211040.0
2006,1961-1970,single_detached,201390.0
2006,1971-1980,single_detached,324100.0
2006,1981-1985,single_detached,114545.0
2006,1986-1990,single_detached,142035.0
2006,1991-1995,single_detached,104480.0
2006,1996-2000,single_detached,78660.0
2006,2001-2005,single_detached,104793.0
2006,2006-2010,single_detached,8732.0
2006,1981-1990,single_detached,256580.0
2006,2011-2015,single_detached,0.0
2006,2016-2020,single_detached,0.0
2006,2021-2025,single_detached,0.0
2021,total,single_detached,1672095.0
2021,<1920,single_detached,90780.0
2021,1921-1945,single_detached,65940.0
2021,1946-1960,single_detached,202345.0
2021,1961-1970,single_detached,202695.0
2021,1971-1980,single_detached,320995.0
2021,1981-1990,single_detached,248120.0
2021,1991-1995,single_detached,101885.0
2021,1996-2000,single_detached,78840.0
2021,2001-2005,single_detached,104490.0
2021,2006-2010,single_detached,106985.0
2021,2011-2015,single_detached,77370.0
2021,2016-2020,single_detached,66144.0
2021,2021-2025,single_detached,5511.0
1961,total,single_detached,467716.0
1961,<1945,single_detached,233549.0
1961,<1920,single_detached,132101.0
1961,1921-1945,single_detached,101448.0
1961,1946-1960,single_detached,227429.0
1961,1946-1959,single_detached,211256.0
1961,1960-1960,single_detached,16173.0
1961,1961-1965,single_detached,6738.0
1961,1961-1970,single_detached,6738.0
1961,1971-1980,single_detached,0.0
1961,1981-1990,single_detached,0.0
1961,1991-1995,single_detached,0.0
1961,1996-2000,single_detached,0.0
1961,2001-2005,single_detached,0.0
1961,2006-2010,single_detached,0.0
1961,2011-2015,single_detached,0.0
1961,2016-2020,single_detached,0.0
1961,2021-2025,single_detached,0.0
2016,total,single_detached,1602675.0
2016,<1920,single_detached,89450.0
2016,1921-1945,single_detached,67595.0
2016,1946-1960,single_detached,205260.0
2016,1961-1970,single_detached,199370.0
2016,1971-1980,single_detached,321770.0
2016,1981-1990,single_detached,246165.0
2016,1991-1995,single_detached,102700.0
2016,1996-2000,single_detached,78570.0
2016,2001-2005,single_detached,106340.0
2016,2006-2010,single_detached,110885.0
2016,2011-2015,single_detached,68839.0
2016,2016-2020,single_detached,5736.0
2016,2021-2025,single_detached,0.0
2011,total,single_detached,1560350.0
2011,<1920,single_detached,96820.0
2011,1921-1945,single_detached,69650.0
2011,1946-1960,single_detached,207310.0
2011,1961-1970,single_detached,202335.0
2011,1971-1980,single_detached,323640.0
2011,1981-1990,single_detached,256675.0
2011,1991-1995,single_detached,103215.0
2011,1996-2000,single_detached,77710.0
2011,2001-2005,single_detached,111265.0
2011,2006-2010,single_detached,103131.0
2011,2011-2015,single_detached,8594.0
2011,2016-2020,single_detached,0.0
2011,2021-2025,single_detached,0.0
1996,total,single_detached,1272605.0
1996,<1945,single_detached,179220.0
1996,<1920,single_detached,96770.0
1996,1921-1945,single_detached,82440.0
1996,1946-1970,single_detached,408125.0
1996,1946-1960,single_detached,204805.0
1996,1961-1970,single_detached,203315.0
1996,1971-1985,single_detached,434960.0
1996,1971-1980,single_detached,324355.0
1996,1981-1985,single_detached,110600.0
1996,1986 +,single_detached,250305.0
1996,1986-1990,single_detached,145360.0
1996,1991-1995,single_detached,102520.0
1996,1996(1),single_detached,2420.0
1996,1981-1990,single_detached,255960.0
1996,1996-2000,single_detached,2420.0
1996,2001-2005,single_detached,0.0
1996,2006-2010,single_detached,0.0
1996,2011-2015,single_detached,0.0
1996,2016-2020,single_detached,0.0
1996,2021-2025,single_detached,0.0
1971,total,single_detached,640520.0
1971,<1945,single_detached,220475.0
1971,<1920,single_detached,127815.0
1971,1921-1945,single_detached,92660.0
1971,1946-1970,single_detached,413969.0
1971,1946-1960,single_detached,234420.0
1971,1961-1965,single_detached,103855.0
1971,1966-1969,single_detached,61110.0
1971,1970-1970,single_detached,14584.0
1971,1971-1975,single_detached,6076.0
1971,1961-1970,single_detached,179549.0
1971,1971-1980,single_detached,6076.0
1971,1981-1990,single_detached,0.0
1971,1991-1995,single_detached,0.0
1971,1996-2000,single_detached,0.0
1971,2001-2005,single_detached,0.0
1971,2006-2010,single_detached,0.0
1971,2011-2015,single_detached,0.0
1971,2016-2020,single_detached,0.0
1971,2021-2025,single_detached,0.0
1986,total,single_detached,1032230.0
1986,<1945,single_detached,188630.0
1986,<1920,single_detached,103055.0
1986,1921-1945,single_detached,85575.0
1986,1946-1970,single_detached,400305.0
1986,1946-1960,single_detached,201540.0
1986,1961-1970,single_detached,198765.0
1986,1971-1985,single_detached,434755.0
1986,1971-1975,single_detached,159365.0
1986,1976-1980,single_detached,171025.0
1986,1981-1985,single_detached,104365.0
1986,1986 +,single_detached,6535.0
1986,1986-1990,single_detached,6535.0
1986,1986(1),single_detached,6535.0
1986,1971-1980,single_detached,330390.0
1986,1981-1990,single_detached,110900.0
1986,1991-1995,single_detached,0.0
1986,1996-2000,single_detached,0.0
1986,2001-2005,single_detached,0.0
1986,2006-2010,single_detached,0.0
1986,2011-2015,single_detached,0.0
1986,2016-2020,single_detached,0.0
1986,2021-2025,single_detached,0.0
1981,total,single_detached,954455.0
1981,<1945,single_detached,
1981,<1920,single_detached,
1981,1921-1945,single_detached,
1981,1946-1970,single_detached,0.0
1981,1946-1960,single_detached,
1981,1961-1970,single_detached,
1981,1971-1980,single_detached,
1981,1971-1975,single_detached,
1981,1976-1980,single_detached,
1981,1981-1985,single_detached,
1981,1981-1990,single_detached,0.0
1981,1991-1995,single_detached,0.0
1981,1996-2000,single_detached,0.0
1981,2001-2005,single_detached,0.0
1981,2006-2010,single_detached,0.0
1981,2011-2015,single_detached,0.0
1981,2016-2020,single_detached,0.0
1981,2021-2025,single_detached,0.0
2001,total,single_detached,1371005.0
2001,<1945,single_detached,
2001,<1920,single_detached,
2001,1921-1945,single_detached,
2001,1946-1970,single_detached,0.0
2001,1946-1960,single_detached,
2001,1961-1970,single_detached,
2001,1971-1985,single_detached,0.0
2001,1971-1980,single_detached,
2001,1981-1985,single_detached,
2001,1986 +,single_detached,0.0
2001,1986-1990,single_detached,
2001,1991-1995,single_detached,
2001,1996-2000,single_detached,
2001,2001-2005,single_detached,
2001,1981-1990,single_detached,0.0
2001,2006-2010,single_detached,0.0
2001,2011-2015,single_detached,0.0
2001,2016-2020,single_detached,0.0
2001,2021-2025,single_detached,0.0
1991,total,single_attached,197565.0
1991,<1945,single_attached,
1991,<1920,single_attached,
1991,1921-1945,single_attached,
1991,1946-1970,single_attached,
1991,1946-1960,single_attached,
1991,1961-1970,single_attached,
1991,1971-1985,single_attached,
1991,1971-1980,single_attached,
1991,1981-1985,single_attached,
1991,1986 +,single_attached,
1991,1986-1990,single_attached,
1991,1991(1),single_attached,
1991,1981-1990,single_attached,0.0
1991,1991-1995,single_attached,0.0
1991,1996-2000,single_attached,0.0
1991,2001-2005,single_attached,0.0
1991,2006-2010,single_attached,0.0
1991,2011-2015,single_attached,0.0
1991,2016-2020,single_attached,0.0
1991,2021-2025,single_attached,0.0
2006,total,single_attached,247945.0
2006,<1920,single_attached,15905.0
2006,1921-1945,single_attached,13580.0
2006,1946-1960,single_attached,27545.0
2006,1961-1970,single_attached,23155.0
2006,1971-1980,single_attached,48620.0
2006,1981-1985,single_attached,24010.0
2006,1986-1990,single_attached,22975.0
2006,1991-1995,single_attached,32985.0
2006,1996-2000,single_attached,19115.0
2006,2001-2005,single_attached,18513.0
2006,2006-2010,single_attached,1542.0
2006,1981-1990,single_attached,46985.0
2006,2011-2015,single_attached,0.0
2006,2016-2020,single_attached,0.0
2006,2021-2025,single_attached,0.0
2021,total,single_attached,315105.0
2021,<1920,single_attached,15700.0
2021,1921-1945,single_attached,11755.0
2021,1946-1960,single_attached,25510.0
2021,1961-1970,single_attached,22690.0
2021,1971-1980,single_attached,49315.0
2021,1981-1990,single_attached,46165.0
2021,1991-1995,single_attached,32085.0
2021,1996-2000,single_attached,19605.0
2021,2001-2005,single_attached,18005.0
2021,2006-2010,single_attached,27615.0
2021,2011-2015,single_attached,27810.0
2021,2016-2020,single_attached,17387.0
2021,2021-2025,single_attached,1448.0
1961,total,single_attached,138373.0
1961,<1945,single_attached,93313.0
1961,<1920,single_attached,55621.0
1961,1921-1945,single_attached,37692.0
1961,1946-1960,single_attached,44264.0
1961,1946-1959,single_attached,42351.0
1961,1960-1960,single_attached,1913.0
1961,1961-1965,single_attached,796.0
1961,1961-1970,single_attached,796.0
1961,1971-1980,single_attached,0.0
1961,1981-1990,single_attached,0.0
1961,1991-1995,single_attached,0.0
1961,1996-2000,single_attached,0.0
1961,2001-2005,single_attached,0.0
1961,2006-2010,single_attached,0.0
1961,2011-2015,single_attached,0.0
1961,2016-2020,single_attached,0.0
1961,2021-2025,single_attached,0.0
2016,total,single_attached,299550.0
2016,<1920,single_attached,15955.0
2016,1921-1945,single_attached,12120.0
2016,1946-1960,single_attached,26380.0
2016,1961-1970,single_attached,22710.0
2016,1971-1980,single_attached,49660.0
2016,1981-1990,single_attached,45610.0
2016,1991-1995,single_attached,32640.0
2016,1996-2000,single_attached,19245.0
2016,2001-2005,single_attached,18520.0
2016,2006-2010,single_attached,29115.0
2016,2011-2015,single_attached,25459.0
2016,2016-2020,single_attached,2121.0
2016,2021-2025,single_attached,0.0
2011,total,single_attached,276635.0
2011,<1920,single_attached,16205.0
2011,1921-1945,single_attached,12735.0
2011,1946-1960,single_attached,27095.0
2011,1961-1970,single_attached,24210.0
2011,1971-1980,single_attached,48665.0
2011,1981-1990,single_attached,48040.0
2011,1991-1995,single_attached,31360.0
2011,1996-2000,single_attached,20125.0
2011,2001-2005,single_attached,19165.0
2011,2006-2010,single_attached,26797.0
2011,2011-2015,single_attached,2233.0
2011,2016-2020,single_attached,0.0
2011,2021-2025,single_attached,0.0
1996,total,single_attached,219180.0
1996,<1945,single_attached,
1996,<1920,single_attached,
1996,1921-1945,single_attached,
1996,1946-1970,single_attached,
1996,1946-1960,single_attached,
1996,1961-1970,single_attached,
1996,1971-1985,single_attached,
1996,1971-1980,single_attached,
1996,1981-1985,single_attached,
1996,1986 +,single_attached,
1996,1986-1990,single_attached,
1996,1991-1995,single_attached,
1996,1996(1),single_attached,
1996,1981-1990,single_attached,0.0
1996,1996-2000,single_attached,0.0
1996,2001-2005,single_attached,0.0
1996,2006-2010,single_attached,0.0
1996,2011-2015,single_attached,0.0
1996,2016-2020,single_attached,0.0
1996,2021-2025,single_attached,0.0
1971,total,single_attached,315025.0
1971,<1945,single_attached,180135.0
1971,<1920,single_attached,99060.0
1971,1921-1945,single_attached,81075.0
1971,1946-1970,single_attached,132254.0
1971,1946-1960,single_attached,83565.0
1971,1961-1965,single_attached,25025.0
1971,1966-1969,single_attached,17335.0
1971,1970-1970,single_attached,6329.0
1971,1971-1975,single_attached,2636.0
1971,1961-1970,single_attached,48689.0
1971,1971-1980,single_attached,2636.0
1971,1981-1990,single_attached,0.0
1971,1991-1995,single_attached,0.0
1971,1996-2000,single_attached,0.0
1971,2001-2005,single_attached,0.0
1971,2006-2010,single_attached,0.0
1971,2011-2015,single_attached,0.0
1971,2016-2020,single_attached,0.0
1971,2021-2025,single_attached,0.0
1986,total,single_attached,
1986,<1945,single_attached,0.0
1986,<1920,single_attached,
1986,1921-1945,single_attached,
1986,1946-1970,single_attached,0.0
1986,1946-1960,single_attached,
1986,1961-1970,single_attached,
1986,1971-1985,single_attached,0.0
1986,1971-1975,single_attached,
1986,1976-1980,single_attached,
1986,1981-1985,single_attached,
1986,1986 +,single_attached,0.0
1986,1986-1990,single_attached,0.0
1986,1986(1),single_attached,
1986,1971-1980,single_attached,0.0
1986,1981-1990,single_attached,0.0
1986,1991-1995,single_attached,0.0
1986,1996-2000,single_attached,0.0
1986,2001-2005,single_attached,0.0
1986,2006-2010,single_attached,0.0
1986,2011-2015,single_attached,0.0
1986,2016-2020,single_attached,0.0
1986,2021-2025,single_attached,0.0
1981,total,single_attached,228545.0
1981,<1945,single_attached,
1981,<1920,single_attached,
1981,1921-1945,single_attached,
1981,1946-1970,single_attached,0.0
1981,1946-1960,single_attached,
1981,1961-1970,single_attached,
1981,1971-1980,single_attached,
1981,1971-1975,single_attached,
1981,1976-1980,single_attached,
1981,1981-1985,single_attached,
1981,1981-1990,single_attached,0.0
1981,1991-1995,single_attached,0.0
1981,1996-2000,single_attached,0.0
1981,2001-2005,single_attached,0.0
1981,2006-2010,single_attached,0.0
1981,2011-2015,single_attached,0.0
1981,2016-2020,single_attached,0.0
1981,2021-2025,single_attached,0.0
2001,total,single_attached,245785.0
2001,<1945,single_attached,
2001,<1920,single_attached,
2001,1921-1945,single_attached,
2001,1946-1970,single_attached,0.0
2001,1946-1960,single_attached,
2001,1961-1970,single_attached,
2001,1971-1985,single_attached,0.0
2001,1971-1980,single_attached,
2001,1981-1985,single_attached,
2001,1986 +,single_attached,0.0
2001,1986-1990,single_attached,
2001,1991-1995,single_attached,
2001,1996-2000,single_attached,
2001,2001-2005,single_attached,
2001,1981-1990,single_attached,0.0
2001,2006-2010,single_attached,0.0
2001,2011-2015,single_attached,0.0
2001,2016-2020,single_attached,0.0
2001,2021-2025,single_attached,0.0
1991,total,apartments,1236945.0
1991,<1945,apartments,
1991,<1920,apartments,
1991,1921-1945,apartments,
1991,1946-1970,apartments,
1991,1946-1960,apartments,
1991,1961-1970,apartments,
1991,1971-1985,apartments,
1991,1971-1980,apartments,
1991,1981-1985,apartments,
1991,1986 +,apartments,
1991,1986-1990,apartments,
1991,1991(1),apartments,
1991,1981-1990,apartments,0.0
1991,1991-1995,apartments,0.0
1991,1996-2000,apartments,0.0
1991,2001-2005,apartments,0.0
1991,2006-2010,apartments,0.0
1991,2011-2015,apartments,0.0
1991,2016-2020,apartments,0.0
1991,2021-2025,apartments,0.0
2006,total,apartments,1461445.0
2006,<1920,apartments,98660.0
2006,1921-1945,apartments,143240.0
2006,1946-1960,apartments,299060.0
2006,1961-1970,apartments,268650.0
2006,1971-1980,apartments,226990.0
2006,1981-1985,apartments,115070.0
2006,1986-1990,apartments,109370.0
2006,1991-1995,apartments,74655.0
2006,1996-2000,apartments,44410.0
2006,2001-2005,apartments,75079.0
2006,2006-2010,apartments,6256.0
2006,1981-1990,apartments,224440.0
2006,2011-2015,apartments,0.0
2006,2016-2020,apartments,0.0
2006,2021-2025,apartments,0.0
2021,total,apartments,1738185.0
2021,<1920,apartments,108425.0
2021,1921-1945,apartments,113375.0
2021,1946-1960,apartments,244625.0
2021,1961-1970,apartments,262830.0
2021,1971-1980,apartments,243705.0
2021,1981-1990,apartments,210730.0
2021,1991-1995,apartments,83955.0
2021,1996-2000,apartments,66940.0
2021,2001-2005,apartments,75350.0
2021,2006-2010,apartments,96310.0
2021,2011-2015,apartments,106075.0
2021,2016-2020,apartments,116193.0
2021,2021-2025,apartments,9682.0
1961,total,apartments,583983.0
1961,<1945,apartments,332607.0
1961,<1920,apartments,169841.0
1961,1921-1945,apartments,162766.0
1961,1946-1960,apartments,245115.0
1961,1946-1959,apartments,230088.0
1961,1960-1960,apartments,15027.0
1961,1961-1965,apartments,6261.0
1961,1961-1970,apartments,6261.0
1961,1971-1980,apartments,0.0
1961,1981-1990,apartments,0.0
1961,1991-1995,apartments,0.0
1961,1996-2000,apartments,0.0
1961,2001-2005,apartments,0.0
1961,2006-2010,apartments,0.0
1961,2011-2015,apartments,0.0
1961,2016-2020,apartments,0.0
1961,2021-2025,apartments,0.0
2016,total,apartments,1606150.0
2016,<1920,apartments,98850.0
2016,1921-1945,apartments,117430.0
2016,1946-1960,apartments,260625.0
2016,1961-1970,apartments,267370.0
2016,1971-1980,apartments,242660.0
2016,1981-1990,apartments,207390.0
2016,1991-1995,apartments,77725.0
2016,1996-2000,apartments,56235.0
2016,2001-2005,apartments,71080.0
2016,2006-2010,apartments,100670.0
2016,2011-2015,apartments,97944.0
2016,2016-2020,apartments,8161.0
2016,2021-2025,apartments,0.0
2011,total,apartments,1535370.0
2011,<1920,apartments,100085.0
2011,1921-1945,apartments,133120.0
2011,1946-1960,apartments,282915.0
2011,1961-1970,apartments,279145.0
2011,1971-1980,apartments,223655.0
2011,1981-1990,apartments,224750.0
2011,1991-1995,apartments,71780.0
2011,1996-2000,apartments,47095.0
2011,2001-2005,apartments,74990.0
2011,2006-2010,apartments,90305.0
2011,2011-2015,apartments,7525.0
2011,2016-2020,apartments,0.0
2011,2021-2025,apartments,0.0
1996,total,apartments,1284405.0
1996,<1945,apartments,
1996,<1920,apartments,
1996,1921-1945,apartments,
1996,1946-1970,apartments,
1996,1946-1960,apartments,
1996,1961-1970,apartments,
1996,1971-1985,apartments,
1996,1971-1980,apartments,
1996,1981-1985,apartments,
1996,1986 +,apartments,
1996,1986-1990,apartments,
1996,1991-1995,apartments,
1996,1996(1),apartments,
1996,1981-1990,apartments,0.0
1996,1996-2000,apartments,0.0
1996,2001-2005,apartments,0.0
1996,2006-2010,apartments,0.0
1996,2011-2015,apartments,0.0
1996,2016-2020,apartments,0.0
1996,2021-2025,apartments,0.0
1971,total,apartments,641650.0
1971,<1945,apartments,200935.0
1971,<1920,apartments,89090.0
1971,1921-1945,apartments,111845.0
1971,1946-1970,apartments,433062.0
1971,1946-1960,apartments,224590.0
1971,1961-1965,apartments,96670.0
1971,1966-1969,apartments,93445.0
1971,1970-1970,apartments,18357.0
1971,1971-1975,apartments,7648.0
1971,1961-1970,apartments,208472.0
1971,1971-1980,apartments,7648.0
1971,1981-1990,apartments,0.0
1971,1991-1995,apartments,0.0
1971,1996-2000,apartments,0.0
1971,2001-2005,apartments,0.0
1971,2006-2010,apartments,0.0
1971,2011-2015,apartments,0.0
1971,2016-2020,apartments,0.0
1971,2021-2025,apartments,0.0
1986,total,apartments,
1986,<1945,apartments,0.0
1986,<1920,apartments,
1986,1921-1945,apartments,
1986,1946-1970,apartments,0.0
1986,1946-1960,apartments,
1986,1961-1970,apartments,
1986,1971-1985,apartments,0.0
1986,1971-1975,apartments,
1986,1976-1980,apartments,
1986,1981-1985,apartments,
1986,1986 +,apartments,0.0
1986,1986-1990,apartments,0.0
1986,1986(1),apartments,
1986,1971-1980,apartments,0.0
1986,1981-1990,apartments,0.0
1986,1991-1995,apartments,0.0
1986,1996-2000,apartments,0.0
1986,2001-2005,apartments,0.0
1986,2006-2010,apartments,0.0
1986,2011-2015,apartments,0.0
1986,2016-2020,apartments,0.0
1986,2021-2025,apartments,0.0
1981,total,apartments,952700.0
1981,<1945,apartments,
1981,<1920,apartments,
1981,1921-1945,apartments,
1981,1946-1970,apartments,0.0
1981,1946-1960,apartments,
1981,1961-1970,apartments,
1981,1971-1980,apartments,
1981,1971-1975,apartments,
1981,1976-1980,apartments,
1981,1981-1985,apartments,
1981,1981-1990,apartments,0.0
1981,1991-1995,apartments,0.0
1981,1996-2000,apartments,0.0
1981,2001-2005,apartments,0.0
1981,2006-2010,apartments,0.0
1981,2011-2015,apartments,0.0
1981,2016-2020,apartments,0.0
1981,2021-2025,apartments,0.0
2001,total,apartments,1339680.0
2001,<1945,apartments,
2001,<1920,apartments,
2001,1921-1945,apartments,
2001,1946-1970,apartments,0.0
2001,1946-1960,apartments,
2001,1961-1970,apartments,
2001,1971-1985,apartments,0.0
2001,1971-1980,apartments,
2001,1981-1985,apartments,
2001,1986 +,apartments,0.0
2001,1986-1990,apartments,
2001,1991-1995,apartments,
2001,1996-2000,apartments,
2001,2001-2005,apartments,
2001,1981-1990,apartments,0.0
2001,2006-2010,apartments,0.0
2001,2011-2015,apartments,0.0
2001,2016-2020,apartments,0.0
2001,2021-2025,apartments,0.0
1991,total,mobile,24605.0
1991,<1945,mobile,180.0
1991,<1920,mobile,70.0
1991,1921-1945,mobile,110.0
1991,1946-1970,mobile,2505.0
1991,1946-1960,mobile,385.0
1991,1961-1970,mobile,2130.0
1991,1971-1985,mobile,19410.0
1991,1971-1980,mobile,16970.0
1991,1981-1985,mobile,2440.0
1991,1986 +,mobile,2505.0
1991,1986-1990,mobile,2330.0
1991,1991(1),mobile,180.0
1991,1981-1990,mobile,4770.0
1991,1991-1995,mobile,180.0
1991,1996-2000,mobile,0.0
1991,2001-2005,mobile,0.0
1991,2006-2010,mobile,0.0
1991,2011-2015,mobile,0.0
1991,2016-2020,mobile,0.0
1991,2021-2025,mobile,0.0
2006,total,mobile,21545.0
2006,<1920,mobile,310.0
2006,1921-1945,mobile,290.0
2006,1946-1960,mobile,790.0
2006,1961-1970,mobile,1800.0
2006,1971-1980,mobile,11215.0
2006,1981-1985,mobile,2220.0
2006,1986-1990,mobile,1885.0
2006,1991-1995,mobile,1290.0
2006,1996-2000,mobile,760.0
2006,2001-2005,mobile,914.0
2006,2006-2010,mobile,76.0
2006,1981-1990,mobile,4105.0
2006,2011-2015,mobile,0.0
2006,2016-2020,mobile,0.0
2006,2021-2025,mobile,0.0
2021,total,mobile,23640.0
2021,<1920,mobile,235.0
2021,1921-1945,mobile,155.0
2021,1946-1960,mobile,545.0
2021,1961-1970,mobile,2160.0
2021,1971-1980,mobile,10290.0
2021,1981-1990,mobile,4105.0
2021,1991-1995,mobile,1150.0
2021,1996-2000,mobile,850.0
2021,2001-2005,mobile,745.0
2021,2006-2010,mobile,1030.0
2021,2011-2015,mobile,1030.0
2021,2016-2020,mobile,1242.0
2021,2021-2025,mobile,103.0
1961,total,mobile,1296.0
1961,<1945,mobile,36.0
1961,<1920,mobile,5.0
1961,1921-1945,mobile,31.0
1961,1946-1960,mobile,1123.0
1961,1946-1959,mobile,791.0
1961,1960-1960,mobile,332.0
1961,1961-1965,mobile,137.0
1961,1961-1970,mobile,137.0
1961,1971-1980,mobile,0.0
1961,1981-1990,mobile,0.0
1961,1991-1995,mobile,0.0
1961,1996-2000,mobile,0.0
1961,2001-2005,mobile,0.0
1961,2006-2010,mobile,0.0
1961,2011-2015,mobile,0.0
1961,2016-2020,mobile,0.0
1961,2021-2025,mobile,0.0
2016,total,mobile,23295.0
2016,<1920,mobile,170.0
2016,1921-1945,mobile,145.0
2016,1946-1960,mobile,510.0
2016,1961-1970,mobile,2000.0
2016,1971-1980,mobile,11215.0
2016,1981-1990,mobile,4335.0
2016,1991-1995,mobile,1250.0
2016,1996-2000,mobile,665.0
2016,2001-2005,mobile,885.0
2016,2006-2010,mobile,875.0
2016,2011-2015,mobile,1154.0
2016,2016-2020,mobile,96.0
2016,2021-2025,mobile,0.0
2011,total,mobile,22875.0
2011,<1920,mobile,170.0
2011,1921-1945,mobile,125.0
2011,1946-1960,mobile,670.0
2011,1961-1970,mobile,2060.0
2011,1971-1980,mobile,11750.0
2011,1981-1990,mobile,4335.0
2011,1991-1995,mobile,1300.0
2011,1996-2000,mobile,775.0
2011,2001-2005,mobile,615.0
2011,2006-2010,mobile,1007.0
2011,2011-2015,mobile,83.0
2011,2016-2020,mobile,0.0
2011,2021-2025,mobile,0.0
1996,total,mobile,19350.0
1996,<1945,mobile,105.0
1996,<1920,mobile,30.0
1996,1921-1945,mobile,70.0
1996,1946-1970,mobile,2310.0
1996,1946-1960,mobile,265.0
1996,1961-1970,mobile,2040.0
1996,1971-1985,mobile,14005.0
1996,1971-1980,mobile,11965.0
1996,1981-1985,mobile,2040.0
1996,1986 +,mobile,2935.0
1996,1986-1990,mobile,1695.0
1996,1991-1995,mobile,1195.0
1996,1996(1),mobile,35.0
1996,1981-1990,mobile,3735.0
1996,1996-2000,mobile,35.0
1996,2001-2005,mobile,0.0
1996,2006-2010,mobile,0.0
1996,2011-2015,mobile,0.0
1996,2016-2020,mobile,0.0
1996,2021-2025,mobile,0.0
1971,total,mobile,6490.0
1971,<1945,mobile,115.0
1971,<1920,mobile,65.0
1971,1921-1945,mobile,50.0
1971,1946-1970,mobile,5912.0
1971,1946-1960,mobile,975.0
1971,1961-1965,mobile,1435.0
1971,1966-1969,mobile,2390.0
1971,1970-1970,mobile,1112.0
1971,1971-1975,mobile,463.0
1971,1961-1970,mobile,4937.0
1971,1971-1980,mobile,463.0
1971,1981-1990,mobile,0.0
1971,1991-1995,mobile,0.0
1971,1996-2000,mobile,0.0
1971,2001-2005,mobile,0.0
1971,2006-2010,mobile,0.0
1971,2011-2015,mobile,0.0
1971,2016-2020,mobile,0.0
1971,2021-2025,mobile,0.0
1986,total,mobile,17150.0
1986,<1945,mobile,155.0
1986,<1920,mobile,75.0
1986,1921-1945,mobile,80.0
1986,1946-1970,mobile,1955.0
1986,1946-1960,mobile,370.0
1986,1961-1970,mobile,1585.0
1986,1971-1985,mobile,14945.0
1986,1971-1975,mobile,7065.0
1986,1976-1980,mobile,6130.0
1986,1981-1985,mobile,1750.0
1986,1986 +,mobile,110.0
1986,1986-1990,mobile,110.0
1986,1986(1),mobile,110.0
1986,1971-1980,mobile,13195.0
1986,1981-1990,mobile,1860.0
1986,1991-1995,mobile,0.0
1986,1996-2000,mobile,0.0
1986,2001-2005,mobile,0.0
1986,2006-2010,mobile,0.0
1986,2011-2015,mobile,0.0
1986,2016-2020,mobile,0.0
1986,2021-2025,mobile,0.0
1981,total,mobile,
1981,<1945,mobile,
1981,<1920,mobile,
1981,1921-1945,mobile,
1981,1946-1970,mobile,0.0
1981,1946-1960,mobile,
1981,1961-1970,mobile,
1981,1971-1980,mobile,
1981,1971-1975,mobile,
1981,1976-1980,mobile,
1981,1981-1985,mobile,
1981,1981-1990,mobile,0.0
1981,1991-1995,mobile,0.0
1981,1996-2000,mobile,0.0
1981,2001-2005,mobile,0.0
1981,2006-2010,mobile,0.0
1981,2011-2015,mobile,0.0
1981,2016-2020,mobile,0.0
1981,2021-2025,mobile,0.0
2001,total,mobile,21645.0
2001,<1945,mobile,
2001,<1920,mobile,
2001,1921-1945,mobile,
2001,1946-1970,mobile,0.0
2001,1946-1960,mobile,
2001,1961-1970,mobile,
2001,1971-1985,mobile,0.0
2001,1971-1980,mobile,
2001,1981-1985,mobile,
2001,1986 +,mobile,0.0
2001,1986-1990,mobile,
2001,1991-1995,mobile,
2001,1996-2000,mobile,
2001,2001-2005,mobile,
2001,1981-1990,mobile,0.0
2001,2006-2010,mobile,0.0
2001,2011-2015,mobile,0.0
2001,2016-2020,mobile,0.0
2001,2021-2025,mobile,0.0
1991,total,other_dwelling,1297785.0
1991,<1945,other_dwelling,284285.0
1991,<1920,other_dwelling,105660.0
1991,1921-1945,other_dwelling,178620.0
1991,1946-1970,other_dwelling,541815.0
1991,1946-1960,other_dwelling,287345.0
1991,1961-1970,other_dwelling,254470.0
1991,1971-1985,other_dwelling,315320.0
1991,1971-1980,other_dwelling,216530.0
1991,1981-1985,other_dwelling,98785.0
1991,1986 +,other_dwelling,156370.0
1991,1986-1990,other_dwelling,151170.0
1991,1991(1),other_dwelling,5200.0
1991,1981-1990,other_dwelling,249955.0
1991,1991-1995,other_dwelling,5200.0
1991,1996-2000,other_dwelling,0.0
1991,2001-2005,other_dwelling,0.0
1991,2006-2010,other_dwelling,0.0
1991,2011-2015,other_dwelling,0.0
1991,2016-2020,other_dwelling,0.0
1991,2021-2025,other_dwelling,0.0
2006,total,other_dwelling,1547740.0
2006,<1920,other_dwelling,111660.0
2006,1921-1945,other_dwelling,151725.0
2006,1946-1960,other_dwelling,313445.0
2006,1961-1970,other_dwelling,259100.0
2006,1971-1980,other_dwelling,235355.0
2006,1981-1985,other_dwelling,120190.0
2006,1986-1990,other_dwelling,112905.0
2006,1991-1995,other_dwelling,98875.0
2006,1996-2000,other_dwelling,58570.0
2006,2001-2005,other_dwelling,79307.0
2006,2006-2010,other_dwelling,6608.0
2006,1981-1990,other_dwelling,233095.0
2006,2011-2015,other_dwelling,0.0
2006,2016-2020,other_dwelling,0.0
2006,2021-2025,other_dwelling,0.0
2021,total,other_dwelling,
2021,<1920,other_dwelling,
2021,1921-1945,other_dwelling,
2021,1946-1960,other_dwelling,
2021,1961-1970,other_dwelling,
2021,1971-1980,other_dwelling,
2021,1981-1990,other_dwelling,
2021,1991-1995,other_dwelling,
2021,1996-2000,other_dwelling,
2021,2001-2005,other_dwelling,
2021,2006-2010,other_dwelling,
2021,2011-2015,other_dwelling,
2021,2016-2020,other_dwelling,
2021,2021-2025,other_dwelling,
1961,total,other_dwelling,
1961,<1945,other_dwelling,0.0
1961,<1920,other_dwelling,
1961,1921-1945,other_dwelling,
1961,1946-1960,other_dwelling,0.0
1961,1946-1959,other_dwelling,
1961,1960-1960,other_dwelling,
1961,1961-1965,other_dwelling,
1961,1961-1970,other_dwelling,0.0
1961,1971-1980,other_dwelling,0.0
1961,1981-1990,other_dwelling,0.0
1961,1991-1995,other_dwelling,0.0
1961,1996-2000,other_dwelling,0.0
1961,2001-2005,other_dwelling,0.0
1961,2006-2010,other_dwelling,0.0
1961,2011-2015,other_dwelling,0.0
1961,2016-2020,other_dwelling,0.0
1961,2021-2025,other_dwelling,0.0
2016,total,other_dwelling,
2016,<1920,other_dwelling,
2016,1921-1945,other_dwelling,
2016,1946-1960,other_dwelling,
2016,1961-1970,other_dwelling,
2016,1971-1980,other_dwelling,
2016,1981-1990,other_dwelling,
2016,1991-1995,other_dwelling,
2016,1996-2000,other_dwelling,
2016,2001-2005,other_dwelling,
2016,2006-2010,other_dwelling,
2016,2011-2015,other_dwelling,
2016,2016-2020,other_dwelling,
2016,2021-2025,other_dwelling,0.0
2011,total,other_dwelling,1642645.0
2011,<1920,other_dwelling,113425.0
2011,1921-1945,other_dwelling,141595.0
2011,1946-1960,other_dwelling,296825.0
2011,1961-1970,other_dwelling,268775.0
2011,1971-1980,other_dwelling,236980.0
2011,1981-1990,other_dwelling,238665.0
2011,1991-1995,other_dwelling,94060.0
2011,1996-2000,other_dwelling,61850.0
2011,2001-2005,other_dwelling,79675.0
2011,2006-2010,other_dwelling,102273.0
2011,2011-2015,other_dwelling,8522.0
2011,2016-2020,other_dwelling,0.0
2011,2021-2025,other_dwelling,0.0
1996,total,other_dwelling,1385300.0
1996,<1945,other_dwelling,272865.0
1996,<1920,other_dwelling,101540.0
1996,1921-1945,other_dwelling,171325.0
1996,1946-1970,other_dwelling,559725.0
1996,1946-1960,other_dwelling,305220.0
1996,1961-1970,other_dwelling,254505.0
1996,1971-1985,other_dwelling,323830.0
1996,1971-1980,other_dwelling,222185.0
1996,1981-1985,other_dwelling,101645.0
1996,1986 +,other_dwelling,228880.0
1996,1986-1990,other_dwelling,129090.0
1996,1991-1995,other_dwelling,97670.0
1996,1996(1),other_dwelling,2115.0
1996,1981-1990,other_dwelling,230735.0
1996,1996-2000,other_dwelling,2115.0
1996,2001-2005,other_dwelling,0.0
1996,2006-2010,other_dwelling,0.0
1996,2011-2015,other_dwelling,0.0
1996,2016-2020,other_dwelling,0.0
1996,2021-2025,other_dwelling,0.0
1971,total,other_dwelling,
1971,<1945,other_dwelling,0.0
1971,<1920,other_dwelling,
1971,1921-1945,other_dwelling,
1971,1946-1970,other_dwelling,0.0
1971,1946-1960,other_dwelling,
1971,1961-1965,other_dwelling,
1971,1966-1969,other_dwelling,
1971,1970-1970,other_dwelling,
1971,1971-1975,other_dwelling,
1971,1961-1970,other_dwelling,0.0
1971,1971-1980,other_dwelling,0.0
1971,1981-1990,other_dwelling,0.0
1971,1991-1995,other_dwelling,0.0
1971,1996-2000,other_dwelling,0.0
1971,2001-2005,other_dwelling,0.0
1971,2006-2010,other_dwelling,0.0
1971,2011-2015,other_dwelling,0.0
1971,2016-2020,other_dwelling,0.0
1971,2021-2025,other_dwelling,0.0
1986,total,other_dwelling,1191740.0
1986,<1945,other_dwelling,308245.0
1986,<1920,other_dwelling,118720.0
1986,1921-1945,other_dwelling,189525.0
1986,1946-1970,other_dwelling,531395.0
1986,1946-1960,other_dwelling,293430.0
1986,1961-1970,other_dwelling,237965.0
1986,1971-1985,other_dwelling,343285.0
1986,1971-1975,other_dwelling,143660.0
1986,1976-1980,other_dwelling,107270.0
1986,1981-1985,other_dwelling,92355.0
1986,1986 +,other_dwelling,8810.0
1986,1986-1990,other_dwelling,8810.0
1986,1986(1),other_dwelling,8810.0
1986,1971-1980,other_dwelling,250930.0
1986,1981-1990,other_dwelling,101165.0
1986,1991-1995,other_dwelling,0.0
1986,1996-2000,other_dwelling,0.0
1986,2001-2005,other_dwelling,0.0
1986,2006-2010,other_dwelling,0.0
1986,2011-2015,other_dwelling,0.0
1986,2016-2020,other_dwelling,0.0
1986,2021-2025,other_dwelling,0.0
1981,total,other_dwelling,
1981,<1945,other_dwelling,
1981,<1920,other_dwelling,
1981,1921-1945,other_dwelling,
1981,1946-1970,other_dwelling,0.0
1981,1946-1960,other_dwelling,
1981,1961-1970,other_dwelling,
1981,1971-1980,other_dwelling,
1981,1971-1975,other_dwelling,
1981,1976-1980,other_dwelling,
1981,1981-1985,other_dwelling,
1981,1981-1990,other_dwelling,0.0
1981,1991-1995,other_dwelling,0.0
1981,1996-2000,other_dwelling,0.0
1981,2001-2005,other_dwelling,0.0
1981,2006-2010,other_dwelling,0.0
1981,2011-2015,other_dwelling,0.0
1981,2016-2020,other_dwelling,0.0
1981,2021-2025,other_dwelling,0.0
2001,total,other_dwelling,
2001,<1945,other_dwelling,
2001,<1920,other_dwelling,
2001,1921-1945,other_dwelling,
2001,1946-1970,other_dwelling,0.0
2001,1946-1960,other_dwelling,
2001,1961-1970,other_dwelling,
2001,1971-1985,other_dwelling,0.0
2001,1971-1980,other_dwelling,
2001,1981-1985,other_dwelling,
2001,1986 +,other_dwelling,0.0
2001,1986-1990,other_dwelling,
2001,1991-1995,other_dwelling,
2001,1996-2000,other_dwelling,
2001,2001-2005,other_dwelling,
2001,1981-1990,other_dwelling,0.0
2001,2006-2010,other_dwelling,0.0
2001,2011-2015,other_dwelling,0.0
2001,2016-2020,other_dwelling,0.0
2001,2021-2025,other_dwelling,0.0
1991,total,apartment>5,137120.0
1991,<1945,apartment>5,6020.0
1991,<1920,apartment>5,1680.0
1991,1921-1945,apartment>5,4340.0
1991,1946-1970,apartment>5,47635.0
1991,1946-1960,apartment>5,11785.0
1991,1961-1970,apartment>5,35855.0
1991,1971-1985,apartment>5,60460.0
1991,1971-1980,apartment>5,44755.0
1991,1981-1985,apartment>5,15700.0
1991,1986 +,apartment>5,23005.0
1991,1986-1990,apartment>5,22360.0
1991,1991(1),apartment>5,650.0
1991,1981-1990,apartment>5,38060.0
1991,1991-1995,apartment>5,650.0
1991,1996-2000,apartment>5,0.0
1991,2001-2005,apartment>5,0.0
1991,2006-2010,apartment>5,0.0
1991,2011-2015,apartment>5,0.0
1991,2016-2020,apartment>5,0.0
1991,2021-2025,apartment>5,0.0
2006,total,apartment>5,161655.0
2006,<1920,apartment>5,2900.0
2006,1921-1945,apartment>5,5095.0
2006,1946-1960,apartment>5,13165.0
2006,1961-1970,apartment>5,32705.0
2006,1971-1980,apartment>5,40260.0
2006,1981-1985,apartment>5,18890.0
2006,1986-1990,apartment>5,19440.0
2006,1991-1995,apartment>5,8770.0
2006,1996-2000,apartment>5,4950.0
2006,2001-2005,apartment>5,14285.0
2006,2006-2010,apartment>5,1190.0
2006,1981-1990,apartment>5,38330.0
2006,2011-2015,apartment>5,0.0
2006,2016-2020,apartment>5,0.0
2006,2021-2025,apartment>5,0.0
2021,total,apartment>5,225795.0
2021,<1920,apartment>5,4810.0
2021,1921-1945,apartment>5,4070.0
2021,1946-1960,apartment>5,12235.0
2021,1961-1970,apartment>5,30185.0
2021,1971-1980,apartment>5,35745.0
2021,1981-1990,apartment>5,31815.0
2021,1991-1995,apartment>5,10040.0
2021,1996-2000,apartment>5,8280.0
2021,2001-2005,apartment>5,12595.0
2021,2006-2010,apartment>5,16885.0
2021,2011-2015,apartment>5,24425.0
2021,2016-2020,apartment>5,32045.0
2021,2021-2025,apartment>5,2670.0
1961,total,apartment>5,
1961,<1945,apartment>5,0.0
1961,<1920,apartment>5,
1961,1921-1945,apartment>5,
1961,1946-1960,apartment>5,0.0
1961,1946-1959,apartment>5,
1961,1960-1960,apartment>5,
1961,1961-1965,apartment>5,
1961,1961-1970,apartment>5,0.0
1961,1971-1980,apartment>5,0.0
1961,1981-1990,apartment>5,0.0
1961,1991-1995,apartment>5,0.0
1961,1996-2000,apartment>5,0.0
1961,2001-2005,apartment>5,0.0
1961,2006-2010,apartment>5,0.0
1961,2011-2015,apartment>5,0.0
1961,2016-2020,apartment>5,0.0
1961,2021-2025,apartment>5,0.0
2016,total,apartment>5,187155.0
2016,<1920,apartment>5,3230.0
2016,1921-1945,apartment>5,3955.0
2016,1946-1960,apartment>5,12330.0
2016,1961-1970,apartment>5,30445.0
2016,1971-1980,apartment>5,36060.0
2016,1981-1990,apartment>5,30525.0
2016,1991-1995,apartment>5,9060.0
2016,1996-2000,apartment>5,7080.0
2016,2001-2005,apartment>5,12375.0
2016,2006-2010,apartment>5,17160.0
2016,2011-2015,apartment>5,23017.0
2016,2016-2020,apartment>5,1918.0
2016,2021-2025,apartment>5,0.0
2011,total,apartment>5,169350.0
2011,<1920,apartment>5,2860.0
2011,1921-1945,apartment>5,4265.0
2011,1946-1960,apartment>5,13190.0
2011,1961-1970,apartment>5,34580.0
2011,1971-1980,apartment>5,35340.0
2011,1981-1990,apartment>5,34115.0
2011,1991-1995,apartment>5,9080.0
2011,1996-2000,apartment>5,5360.0
2011,2001-2005,apartment>5,14485.0
2011,2006-2010,apartment>5,14834.0
2011,2011-2015,apartment>5,1236.0
2011,2016-2020,apartment>5,0.0
2011,2021-2025,apartment>5,0.0
1996,total,apartment>5,144780.0
1996,<1945,apartment>5,6020.0
1996,<1920,apartment>5,2125.0
1996,1921-1945,apartment>5,3895.0
1996,1946-1970,apartment>5,45600.0
1996,1946-1960,apartment>5,11870.0
1996,1961-1970,apartment>5,33735.0
1996,1971-1985,apartment>5,63695.0
1996,1971-1980,apartment>5,46295.0
1996,1981-1985,apartment>5,17400.0
1996,1986 +,apartment>5,29455.0
1996,1986-1990,apartment>5,22255.0
1996,1991-1995,apartment>5,7095.0
1996,1996(1),apartment>5,100.0
1996,1981-1990,apartment>5,39655.0
1996,1996-2000,apartment>5,100.0
1996,2001-2005,apartment>5,0.0
1996,2006-2010,apartment>5,0.0
1996,2011-2015,apartment>5,0.0
1996,2016-2020,apartment>5,0.0
1996,2021-2025,apartment>5,0.0
1971,total,apartment>5,
1971,<1945,apartment>5,0.0
1971,<1920,apartment>5,
1971,1921-1945,apartment>5,
1971,1946-1970,apartment>5,0.0
1971,1946-1960,apartment>5,
1971,1961-1965,apartment>5,
1971,1966-1969,apartment>5,
1971,1970-1970,apartment>5,
1971,1971-1975,apartment>5,
1971,1961-1970,apartment>5,0.0
1971,1971-1980,apartment>5,0.0
1971,1981-1990,apartment>5,0.0
1971,1991-1995,apartment>5,0.0
1971,1996-2000,apartment>5,0.0
1971,2001-2005,apartment>5,0.0
1971,2006-2010,apartment>5,0.0
1971,2011-2015,apartment>5,0.0
1971,2016-2020,apartment>5,0.0
1971,2021-2025,apartment>5,0.0
1986,total,apartment>5,115980.0
1986,<1945,apartment>5,5455.0
1986,<1920,apartment>5,1775.0
1986,1921-1945,apartment>5,3680.0
1986,1946-1970,apartment>5,42945.0
1986,1946-1960,apartment>5,11375.0
1986,1961-1970,apartment>5,31570.0
1986,1971-1985,apartment>5,67070.0
1986,1971-1975,apartment>5,27705.0
1986,1976-1980,apartment>5,25030.0
1986,1981-1985,apartment>5,14335.0
1986,1986 +,apartment>5,515.0
1986,1986-1990,apartment>5,515.0
1986,1986(1),apartment>5,515.0
1986,1971-1980,apartment>5,52735.0
1986,1981-1990,apartment>5,14850.0
1986,1991-1995,apartment>5,0.0
1986,1996-2000,apartment>5,0.0
1986,2001-2005,apartment>5,0.0
1986,2006-2010,apartment>5,0.0
1986,2011-2015,apartment>5,0.0
1986,2016-2020,apartment>5,0.0
1986,2021-2025,apartment>5,0.0
1981,total,apartment>5,115515.0
1981,<1945,apartment>5,
1981,<1920,apartment>5,
1981,1921-1945,apartment>5,
1981,1946-1970,apartment>5,0.0
1981,1946-1960,apartment>5,
1981,1961-1970,apartment>5,
1981,1971-1980,apartment>5,
1981,1971-1975,apartment>5,
1981,1976-1980,apartment>5,
1981,1981-1985,apartment>5,
1981,1981-1990,apartment>5,0.0
1981,1991-1995,apartment>5,0.0
1981,1996-2000,apartment>5,0.0
1981,2001-2005,apartment>5,0.0
1981,2006-2010,apartment>5,0.0
1981,2011-2015,apartment>5,0.0
1981,2016-2020,apartment>5,0.0
1981,2021-2025,apartment>5,0.0
2001,total,apartment>5,154455.0
2001,<1945,apartment>5,
2001,<1920,apartment>5,
2001,1921-1945,apartment>5,
2001,1946-1970,apartment>5,0.0
2001,1946-1960,apartment>5,
2001,1961-1970,apartment>5,
2001,1971-1985,apartment>5,0.0
2001,1971-1980,apartment>5,
2001,1981-1985,apartment>5,
2001,1986 +,apartment>5,0.0
2001,1986-1990,apartment>5,
2001,1991-1995,apartment>5,
2001,1996-2000,apartment>5,
2001,2001-2005,apartment>5,
2001,1981-1990,apartment>5,0.0
2001,2006-2010,apartment>5,0.0
2001,2011-2015,apartment>5,0.0
2001,2016-2020,apartment>5,0.0
2001,2021-2025,apartment>5,0.0
1991,total,other_attached_dwelling,
1991,<1945,other_attached_dwelling,
1991,<1920,other_attached_dwelling,
1991,1921-1945,other_attached_dwelling,
1991,1946-1970,other_attached_dwelling,
1991,1946-1960,other_attached_dwelling,
1991,1961-1970,other_attached_dwelling,
1991,1971-1985,other_attached_dwelling,
1991,1971-1980,other_attached_dwelling,
1991,1981-1985,other_attached_dwelling,
1991,1986 +,other_attached_dwelling,
1991,1986-1990,other_attached_dwelling,
1991,1991(1),other_attached_dwelling,
1991,1981-1990,other_attached_dwelling,0.0
1991,1991-1995,other_attached_dwelling,0.0
1991,1996-2000,other_attached_dwelling,0.0
1991,2001-2005,other_attached_dwelling,0.0
1991,2006-2010,other_attached_dwelling,0.0
1991,2011-2015,other_attached_dwelling,0.0
1991,2016-2020,other_attached_dwelling,0.0
1991,2021-2025,other_attached_dwelling,0.0
2006,total,other_attached_dwelling,
2006,<1920,other_attached_dwelling,
2006,1921-1945,other_attached_dwelling,
2006,1946-1960,other_attached_dwelling,
2006,1961-1970,other_attached_dwelling,
2006,1971-1980,other_attached_dwelling,
2006,1981-1985,other_attached_dwelling,
2006,1986-1990,other_attached_dwelling,
2006,1991-1995,other_attached_dwelling,
2006,1996-2000,other_attached_dwelling,
2006,2001-2005,other_attached_dwelling,
2006,2006-2010,other_attached_dwelling,
2006,1981-1990,other_attached_dwelling,0.0
2006,2011-2015,other_attached_dwelling,0.0
2006,2016-2020,other_attached_dwelling,0.0
2006,2021-2025,other_attached_dwelling,0.0
2021,total,other_attached_dwelling,1827505.0
2021,<1920,other_attached_dwelling,119315.0
2021,1921-1945,other_attached_dwelling,121060.0
2021,1946-1960,other_attached_dwelling,257900.0
2021,1961-1970,other_attached_dwelling,255345.0
2021,1971-1980,other_attached_dwelling,257275.0
2021,1981-1990,other_attached_dwelling,225085.0
2021,1991-1995,other_attached_dwelling,106010.0
2021,1996-2000,other_attached_dwelling,78265.0
2021,2001-2005,other_attached_dwelling,80760.0
2021,2006-2010,other_attached_dwelling,107035.0
2021,2011-2015,other_attached_dwelling,109465.0
2021,2016-2020,other_attached_dwelling,101539.0
2021,2021-2025,other_attached_dwelling,8461.0
1961,total,other_attached_dwelling,
1961,<1945,other_attached_dwelling,0.0
1961,<1920,other_attached_dwelling,
1961,1921-1945,other_attached_dwelling,
1961,1946-1960,other_attached_dwelling,0.0
1961,1946-1959,other_attached_dwelling,
1961,1960-1960,other_attached_dwelling,
1961,1961-1965,other_attached_dwelling,
1961,1961-1970,other_attached_dwelling,0.0
1961,1971-1980,other_attached_dwelling,0.0
1961,1981-1990,other_attached_dwelling,0.0
1961,1991-1995,other_attached_dwelling,0.0
1961,1996-2000,other_attached_dwelling,0.0
1961,2001-2005,other_attached_dwelling,0.0
1961,2006-2010,other_attached_dwelling,0.0
1961,2011-2015,other_attached_dwelling,0.0
1961,2016-2020,other_attached_dwelling,0.0
1961,2021-2025,other_attached_dwelling,0.0
2016,total,other_attached_dwelling,1718540.0
2016,<1920,other_attached_dwelling,111575.0
2016,1921-1945,other_attached_dwelling,125600.0
2016,1946-1960,other_attached_dwelling,274670.0
2016,1961-1970,other_attached_dwelling,259635.0
2016,1971-1980,other_attached_dwelling,256270.0
2016,1981-1990,other_attached_dwelling,222470.0
2016,1991-1995,other_attached_dwelling,101305.0
2016,1996-2000,other_attached_dwelling,68400.0
2016,2001-2005,other_attached_dwelling,77225.0
2016,2006-2010,other_attached_dwelling,112625.0
2016,2011-2015,other_attached_dwelling,100385.0
2016,2016-2020,other_attached_dwelling,8365.0
2016,2021-2025,other_attached_dwelling,0.0
2011,total,other_attached_dwelling,
2011,<1920,other_attached_dwelling,
2011,1921-1945,other_attached_dwelling,
2011,1946-1960,other_attached_dwelling,
2011,1961-1970,other_attached_dwelling,
2011,1971-1980,other_attached_dwelling,
2011,1981-1990,other_attached_dwelling,
2011,1991-1995,other_attached_dwelling,
2011,1996-2000,other_attached_dwelling,
2011,2001-2005,other_attached_dwelling,
2011,2006-2010,other_attached_dwelling,
2011,2011-2015,other_attached_dwelling,
2011,2016-2020,other_attached_dwelling,0.0
2011,2021-2025,other_attached_dwelling,0.0
1996,total,other_attached_dwelling,
1996,<1945,other_attached_dwelling,
1996,<1920,other_attached_dwelling,
1996,1921-1945,other_attached_dwelling,
1996,1946-1970,other_attached_dwelling,
1996,1946-1960,other_attached_dwelling,
1996,1961-1970,other_attached_dwelling,
1996,1971-1985,other_attached_dwelling,
1996,1971-1980,other_attached_dwelling,
1996,1981-1985,other_attached_dwelling,
1996,1986 +,other_attached_dwelling,
1996,1986-1990,other_attached_dwelling,
1996,1991-1995,other_attached_dwelling,
1996,1996(1),other_attached_dwelling,
1996,1981-1990,other_attached_dwelling,0.0
1996,1996-2000,other_attached_dwelling,0.0
1996,2001-2005,other_attached_dwelling,0.0
1996,2006-2010,other_attached_dwelling,0.0
1996,2011-2015,other_attached_dwelling,0.0
1996,2016-2020,other_attached_dwelling,0.0
1996,2021-2025,other_attached_dwelling,0.0
1971,total,other_attached_dwelling,
1971,<1945,other_attached_dwelling,0.0
1971,<1920,other_attached_dwelling,
1971,1921-1945,other_attached_dwelling,
1971,1946-1970,other_attached_dwelling,0.0
1971,1946-1960,other_attached_dwelling,
1971,1961-1965,other_attached_dwelling,
1971,1966-1969,other_attached_dwelling,
1971,1970-1970,other_attached_dwelling,
1971,1971-1975,other_attached_dwelling,
1971,1961-1970,other_attached_dwelling,0.0
1971,1971-1980,other_attached_dwelling,0.0
1971,1981-1990,other_attached_dwelling,0.0
1971,1991-1995,other_attached_dwelling,0.0
1971,1996-2000,other_attached_dwelling,0.0
1971,2001-2005,other_attached_dwelling,0.0
1971,2006-2010,other_attached_dwelling,0.0
1971,2011-2015,other_attached_dwelling,0.0
1971,2016-2020,other_attached_dwelling,0.0
1971,2021-2025,other_attached_dwelling,0.0
1986,total,other_attached_dwelling,
1986,<1945,other_attached_dwelling,0.0
1986,<1920,other_attached_dwelling,
1986,1921-1945,other_attached_dwelling,
1986,1946-1970,other_attached_dwelling,0.0
1986,1946-1960,other_attached_dwelling,
1986,1961-1970,other_attached_dwelling,
1986,1971-1985,other_attached_dwelling,0.0
1986,1971-1975,other_attached_dwelling,
1986,1976-1980,other_attached_dwelling,
1986,1981-1985,other_attached_dwelling,
1986,1986 +,other_attached_dwelling,0.0
1986,1986-1990,other_attached_dwelling,0.0
1986,1986(1),other_attached_dwelling,
1986,1971-1980,other_attached_dwelling,0.0
1986,1981-1990,other_attached_dwelling,0.0
1986,1991-1995,other_attached_dwelling,0.0
1986,1996-2000,other_attached_dwelling,0.0
1986,2001-2005,other_attached_dwelling,0.0
1986,2006-2010,other_attached_dwelling,0.0
1986,2011-2015,other_attached_dwelling,0.0
1986,2016-2020,other_attached_dwelling,0.0
1986,2021-2025,other_attached_dwelling,0.0
1981,total,other_attached_dwelling,
1981,<1945,other_attached_dwelling,
1981,<1920,other_attached_dwelling,
1981,1921-1945,other_attached_dwelling,
1981,1946-1970,other_attached_dwelling,0.0
1981,1946-1960,other_attached_dwelling,
1981,1961-1970,other_attached_dwelling,
1981,1971-1980,other_attached_dwelling,
1981,1971-1975,other_attached_dwelling,
1981,1976-1980,other_attached_dwelling,
1981,1981-1985,other_attached_dwelling,
1981,1981-1990,other_attached_dwelling,0.0
1981,1991-1995,other_attached_dwelling,0.0
1981,1996-2000,other_attached_dwelling,0.0
1981,2001-2005,other_attached_dwelling,0.0
1981,2006-2010,other_attached_dwelling,0.0
1981,2011-2015,other_attached_dwelling,0.0
1981,2016-2020,other_attached_dwelling,0.0
1981,2021-2025,other_attached_dwelling,0.0
2001,total,other_attached_dwelling,
2001,<1945,other_attached_dwelling,
2001,<1920,other_attached_dwelling,
2001,1921-1945,other_attached_dwelling,
2001,1946-1970,other_attached_dwelling,0.0
2001,1946-1960,other_attached_dwelling,
2001,1961-1970,other_attached_dwelling,
2001,1971-1985,other_attached_dwelling,0.0
2001,1971-1980,other_attached_dwelling,
2001,1981-1985,other_attached_dwelling,
2001,1986 +,other_attached_dwelling,0.0
2001,1986-1990,other_attached_dwelling,
2001,1991-1995,other_attached_dwelling,
2001,1996-2000,other_attached_dwelling,
2001,2001-2005,other_attached_dwelling,
2001,1981-1990,other_attached_dwelling,0.0
2001,2006-2010,other_attached_dwelling,0.0
2001,2011-2015,other_attached_dwelling,0.0
2001,2016-2020,other_attached_dwelling,0.0
2001,2021-2025,other_attached_dwelling,0.0
1991,total,apartment_duplex,159420.0
1991,<1945,apartment_duplex,
1991,<1920,apartment_duplex,
1991,1921-1945,apartment_duplex,
1991,1946-1970,apartment_duplex,
1991,1946-1960,apartment_duplex,
1991,1961-1970,apartment_duplex,
1991,1971-1985,apartment_duplex,
1991,1971-1980,apartment_duplex,
1991,1981-1985,apartment_duplex,
1991,1986 +,apartment_duplex,
1991,1986-1990,apartment_duplex,
1991,1991(1),apartment_duplex,
1991,1981-1990,apartment_duplex,0.0
1991,1991-1995,apartment_duplex,0.0
1991,1996-2000,apartment_duplex,0.0
1991,2001-2005,apartment_duplex,0.0
1991,2006-2010,apartment_duplex,0.0
1991,2011-2015,apartment_duplex,0.0
1991,2016-2020,apartment_duplex,0.0
1991,2021-2025,apartment_duplex,0.0
2006,total,apartment_duplex,254335.0
2006,<1920,apartment_duplex,25040.0
2006,1921-1945,apartment_duplex,39685.0
2006,1946-1960,apartment_duplex,85160.0
2006,1961-1970,apartment_duplex,47595.0
2006,1971-1980,apartment_duplex,24020.0
2006,1981-1985,apartment_duplex,8050.0
2006,1986-1990,apartment_duplex,7465.0
2006,1991-1995,apartment_duplex,5730.0
2006,1996-2000,apartment_duplex,4525.0
2006,2001-2005,apartment_duplex,6517.0
2006,2006-2010,apartment_duplex,543.0
2006,1981-1990,apartment_duplex,15515.0
2006,2011-2015,apartment_duplex,0.0
2006,2016-2020,apartment_duplex,0.0
2006,2021-2025,apartment_duplex,0.0
2021,total,apartment_duplex,269410.0
2021,<1920,apartment_duplex,25230.0
2021,1921-1945,apartment_duplex,32370.0
2021,1946-1960,apartment_duplex,73795.0
2021,1961-1970,apartment_duplex,48730.0
2021,1971-1980,apartment_duplex,29175.0
2021,1981-1990,apartment_duplex,16825.0
2021,1991-1995,apartment_duplex,7150.0
2021,1996-2000,apartment_duplex,5775.0
2021,2001-2005,apartment_duplex,6530.0
2021,2006-2010,apartment_duplex,7470.0
2021,2011-2015,apartment_duplex,7155.0
2021,2016-2020,apartment_duplex,8497.0
2021,2021-2025,apartment_duplex,708.0
1961,total,apartment_duplex,
1961,<1945,apartment_duplex,0.0
1961,<1920,apartment_duplex,
1961,1921-1945,apartment_duplex,
1961,1946-1960,apartment_duplex,0.0
1961,1946-1959,apartment_duplex,
1961,1960-1960,apartment_duplex,
1961,1961-1965,apartment_duplex,
1961,1961-1970,apartment_duplex,0.0
1961,1971-1980,apartment_duplex,0.0
1961,1981-1990,apartment_duplex,0.0
1961,1991-1995,apartment_duplex,0.0
1961,1996-2000,apartment_duplex,0.0
1961,2001-2005,apartment_duplex,0.0
1961,2006-2010,apartment_duplex,0.0
1961,2011-2015,apartment_duplex,0.0
1961,2016-2020,apartment_duplex,0.0
1961,2021-2025,apartment_duplex,0.0
2016,total,apartment_duplex,264055.0
2016,<1920,apartment_duplex,25245.0
2016,1921-1945,apartment_duplex,34105.0
2016,1946-1960,apartment_duplex,77845.0
2016,1961-1970,apartment_duplex,49490.0
2016,1971-1980,apartment_duplex,27900.0
2016,1981-1990,apartment_duplex,16060.0
2016,1991-1995,apartment_duplex,6335.0
2016,1996-2000,apartment_duplex,5150.0
2016,2001-2005,apartment_duplex,6575.0
2016,2006-2010,apartment_duplex,8420.0
2016,2011-2015,apartment_duplex,6393.0
2016,2016-2020,apartment_duplex,532.0
2016,2021-2025,apartment_duplex,0.0
2011,total,apartment_duplex,262440.0
2011,<1920,apartment_duplex,25830.0
2011,1921-1945,apartment_duplex,37570.0
2011,1946-1960,apartment_duplex,83405.0
2011,1961-1970,apartment_duplex,48720.0
2011,1971-1980,apartment_duplex,26000.0
2011,1981-1990,apartment_duplex,16060.0
2011,1991-1995,apartment_duplex,5745.0
2011,1996-2000,apartment_duplex,4560.0
2011,2001-2005,apartment_duplex,5910.0
2011,2006-2010,apartment_duplex,7976.0
2011,2011-2015,apartment_duplex,664.0
2011,2016-2020,apartment_duplex,0.0
2011,2021-2025,apartment_duplex,0.0
1996,total,apartment_duplex,144775.0
1996,<1945,apartment_duplex,
1996,<1920,apartment_duplex,
1996,1921-1945,apartment_duplex,
1996,1946-1970,apartment_duplex,
1996,1946-1960,apartment_duplex,
1996,1961-1970,apartment_duplex,
1996,1971-1985,apartment_duplex,
1996,1971-1980,apartment_duplex,
1996,1981-1985,apartment_duplex,
1996,1986 +,apartment_duplex,
1996,1986-1990,apartment_duplex,
1996,1991-1995,apartment_duplex,
1996,1996(1),apartment_duplex,
1996,1981-1990,apartment_duplex,0.0
1996,1996-2000,apartment_duplex,0.0
1996,2001-2005,apartment_duplex,0.0
1996,2006-2010,apartment_duplex,0.0
1996,2011-2015,apartment_duplex,0.0
1996,2016-2020,apartment_duplex,0.0
1996,2021-2025,apartment_duplex,0.0
1971,total,apartment_duplex,
1971,<1945,apartment_duplex,0.0
1971,<1920,apartment_duplex,
1971,1921-1945,apartment_duplex,
1971,1946-1970,apartment_duplex,0.0
1971,1946-1960,apartment_duplex,
1971,1961-1965,apartment_duplex,
1971,1966-1969,apartment_duplex,
1971,1970-1970,apartment_duplex,
1971,1971-1975,apartment_duplex,
1971,1961-1970,apartment_duplex,0.0
1971,1971-1980,apartment_duplex,0.0
1971,1981-1990,apartment_duplex,0.0
1971,1991-1995,apartment_duplex,0.0
1971,1996-2000,apartment_duplex,0.0
1971,2001-2005,apartment_duplex,0.0
1971,2006-2010,apartment_duplex,0.0
1971,2011-2015,apartment_duplex,0.0
1971,2016-2020,apartment_duplex,0.0
1971,2021-2025,apartment_duplex,0.0
1986,total,apartment_duplex,
1986,<1945,apartment_duplex,0.0
1986,<1920,apartment_duplex,
1986,1921-1945,apartment_duplex,
1986,1946-1970,apartment_duplex,0.0
1986,1946-1960,apartment_duplex,
1986,1961-1970,apartment_duplex,
1986,1971-1985,apartment_duplex,0.0
1986,1971-1975,apartment_duplex,
1986,1976-1980,apartment_duplex,
1986,1981-1985,apartment_duplex,
1986,1986 +,apartment_duplex,0.0
1986,1986-1990,apartment_duplex,0.0
1986,1986(1),apartment_duplex,
1986,1971-1980,apartment_duplex,0.0
1986,1981-1990,apartment_duplex,0.0
1986,1991-1995,apartment_duplex,0.0
1986,1996-2000,apartment_duplex,0.0
1986,2001-2005,apartment_duplex,0.0
1986,2006-2010,apartment_duplex,0.0
1986,2011-2015,apartment_duplex,0.0
1986,2016-2020,apartment_duplex,0.0
1986,2021-2025,apartment_duplex,0.0
1981,total,apartment_duplex,239190.0
1981,<1945,apartment_duplex,
1981,<1920,apartment_duplex,
1981,1921-1945,apartment_duplex,
1981,1946-1970,apartment_duplex,0.0
1981,1946-1960,apartment_duplex,
1981,1961-1970,apartment_duplex,
1981,1971-1980,apartment_duplex,
1981,1971-1975,apartment_duplex,
1981,1976-1980,apartment_duplex,
1981,1981-1985,apartment_duplex,
1981,1981-1990,apartment_duplex,0.0
1981,1991-1995,apartment_duplex,0.0
1981,1996-2000,apartment_duplex,0.0
1981,2001-2005,apartment_duplex,0.0
1981,2006-2010,apartment_duplex,0.0
1981,2011-2015,apartment_duplex,0.0
1981,2016-2020,apartment_duplex,0.0
1981,2021-2025,apartment_duplex,0.0
2001,total,apartment_duplex,157325.0
2001,<1945,apartment_duplex,
2001,<1920,apartment_duplex,
2001,1921-1945,apartment_duplex,
2001,1946-1970,apartment_duplex,0.0
2001,1946-1960,apartment_duplex,
2001,1961-1970,apartment_duplex,
2001,1971-1985,apartment_duplex,0.0
2001,1971-1980,apartment_duplex,
2001,1981-1985,apartment_duplex,
2001,1986 +,apartment_duplex,0.0
2001,1986-1990,apartment_duplex,
2001,1991-1995,apartment_duplex,
2001,1996-2000,apartment_duplex,
2001,2001-2005,apartment_duplex,
2001,1981-1990,apartment_duplex,0.0
2001,2006-2010,apartment_duplex,0.0
2001,2011-2015,apartment_duplex,0.0
2001,2016-2020,apartment_duplex,0.0
2001,2021-2025,apartment_duplex,0.0
1991,total,apartment<5,940405.0
1991,<1945,apartment<5,
1991,<1920,apartment<5,
1991,1921-1945,apartment<5,
1991,1946-1970,apartment<5,
1991,1946-1960,apartment<5,
1991,1961-1970,apartment<5,
1991,1971-1985,apartment<5,
1991,1971-1980,apartment<5,
1991,1981-1985,apartment<5,
1991,1986 +,apartment<5,
1991,1986-1990,apartment<5,
1991,1991(1),apartment<5,
1991,1981-1990,apartment<5,0.0
1991,1991-1995,apartment<5,0.0
1991,1996-2000,apartment<5,0.0
1991,2001-2005,apartment<5,0.0
1991,2006-2010,apartment<5,0.0
1991,2011-2015,apartment<5,0.0
1991,2016-2020,apartment<5,0.0
1991,2021-2025,apartment<5,0.0
2006,total,apartment<5,1045455.0
2006,<1920,apartment<5,70720.0
2006,1921-1945,apartment<5,98460.0
2006,1946-1960,apartment<5,200735.0
2006,1961-1970,apartment<5,188350.0
2006,1971-1980,apartment<5,162710.0
2006,1981-1985,apartment<5,88130.0
2006,1986-1990,apartment<5,82465.0
2006,1991-1995,apartment<5,60155.0
2006,1996-2000,apartment<5,34935.0
2006,2001-2005,apartment<5,54277.0
2006,2006-2010,apartment<5,4523.0
2006,1981-1990,apartment<5,170595.0
2006,2011-2015,apartment<5,0.0
2006,2016-2020,apartment<5,0.0
2006,2021-2025,apartment<5,0.0
2021,total,apartment<5,1242980.0
2021,<1920,apartment<5,78385.0
2021,1921-1945,apartment<5,76935.0
2021,1946-1960,apartment<5,158595.0
2021,1961-1970,apartment<5,183915.0
2021,1971-1980,apartment<5,178785.0
2021,1981-1990,apartment<5,162090.0
2021,1991-1995,apartment<5,66765.0
2021,1996-2000,apartment<5,52885.0
2021,2001-2005,apartment<5,56225.0
2021,2006-2010,apartment<5,71955.0
2021,2011-2015,apartment<5,74495.0
2021,2016-2020,apartment<5,75651.0
2021,2021-2025,apartment<5,6304.0
1961,total,apartment<5,
1961,<1945,apartment<5,0.0
1961,<1920,apartment<5,
1961,1921-1945,apartment<5,
1961,1946-1960,apartment<5,0.0
1961,1946-1959,apartment<5,
1961,1960-1960,apartment<5,
1961,1961-1965,apartment<5,
1961,1961-1970,apartment<5,0.0
1961,1971-1980,apartment<5,0.0
1961,1981-1990,apartment<5,0.0
1961,1991-1995,apartment<5,0.0
1961,1996-2000,apartment<5,0.0
1961,2001-2005,apartment<5,0.0
1961,2006-2010,apartment<5,0.0
1961,2011-2015,apartment<5,0.0
1961,2016-2020,apartment<5,0.0
1961,2021-2025,apartment<5,0.0
2016,total,apartment<5,1154940.0
2016,<1920,apartment<5,70375.0
2016,1921-1945,apartment<5,79370.0
2016,1946-1960,apartment<5,170450.0
2016,1961-1970,apartment<5,187435.0
2016,1971-1980,apartment<5,178700.0
2016,1981-1990,apartment<5,160805.0
2016,1991-1995,apartment<5,62330.0
2016,1996-2000,apartment<5,44005.0
2016,2001-2005,apartment<5,52130.0
2016,2006-2010,apartment<5,75090.0
2016,2011-2015,apartment<5,68534.0
2016,2016-2020,apartment<5,5711.0
2016,2021-2025,apartment<5,0.0
2011,total,apartment<5,1103580.0
2011,<1920,apartment<5,71395.0
2011,1921-1945,apartment<5,91285.0
2011,1946-1960,apartment<5,186320.0
2011,1961-1970,apartment<5,195845.0
2011,1971-1980,apartment<5,162315.0
2011,1981-1990,apartment<5,174575.0
2011,1991-1995,apartment<5,56955.0
2011,1996-2000,apartment<5,37175.0
2011,2001-2005,apartment<5,54595.0
2011,2006-2010,apartment<5,67496.0
2011,2011-2015,apartment<5,5624.0
2011,2016-2020,apartment<5,0.0
2011,2021-2025,apartment<5,0.0
1996,total,apartment<5,994850.0
1996,<1945,apartment<5,
1996,<1920,apartment<5,
1996,1921-1945,apartment<5,
1996,1946-1970,apartment<5,
1996,1946-1960,apartment<5,
1996,1961-1970,apartment<5,
1996,1971-1985,apartment<5,
1996,1971-1980,apartment<5,
1996,1981-1985,apartment<5,
1996,1986 +,apartment<5,
1996,1986-1990,apartment<5,
1996,1991-1995,apartment<5,
1996,1996(1),apartment<5,
1996,1981-1990,apartment<5,0.0
1996,1996-2000,apartment<5,0.0
1996,2001-2005,apartment<5,0.0
1996,2006-2010,apartment<5,0.0
1996,2011-2015,apartment<5,0.0
1996,2016-2020,apartment<5,0.0
1996,2021-2025,apartment<5,0.0
1971,total,apartment<5,
1971,<1945,apartment<5,0.0
1971,<1920,apartment<5,
1971,1921-1945,apartment<5,
1971,1946-1970,apartment<5,0.0
1971,1946-1960,apartment<5,
1971,1961-1965,apartment<5,
1971,1966-1969,apartment<5,
1971,1970-1970,apartment<5,
1971,1971-1975,apartment<5,
1971,1961-1970,apartment<5,0.0
1971,1971-1980,apartment<5,0.0
1971,1981-1990,apartment<5,0.0
1971,1991-1995,apartment<5,0.0
1971,1996-2000,apartment<5,0.0
1971,2001-2005,apartment<5,0.0
1971,2006-2010,apartment<5,0.0
1971,2011-2015,apartment<5,0.0
1971,2016-2020,apartment<5,0.0
1971,2021-2025,apartment<5,0.0
1986,total,apartment<5,
1986,<1945,apartment<5,0.0
1986,<1920,apartment<5,
1986,1921-1945,apartment<5,
1986,1946-1970,apartment<5,0.0
1986,1946-1960,apartment<5,
1986,1961-1970,apartment<5,
1986,1971-1985,apartment<5,0.0
1986,1971-1975,apartment<5,
1986,1976-1980,apartment<5,
1986,1981-1985,apartment<5,
1986,1986 +,apartment<5,0.0
1986,1986-1990,apartment<5,0.0
1986,1986(1),apartment<5,
1986,1971-1980,apartment<5,0.0
1986,1981-1990,apartment<5,0.0
1986,1991-1995,apartment<5,0.0
1986,1996-2000,apartment<5,0.0
1986,2001-2005,apartment<5,0.0
1986,2006-2010,apartment<5,0.0
1986,2011-2015,apartment<5,0.0
1986,2016-2020,apartment<5,0.0
1986,2021-2025,apartment<5,0.0
1981,total,apartment<5,597995.0
1981,<1945,apartment<5,
1981,<1920,apartment<5,
1981,1921-1945,apartment<5,
1981,1946-1970,apartment<5,0.0
1981,1946-1960,apartment<5,
1981,1961-1970,apartment<5,
1981,1971-1980,apartment<5,
1981,1971-1975,apartment<5,
1981,1976-1980,apartment<5,
1981,1981-1985,apartment<5,
1981,1981-1990,apartment<5,0.0
1981,1991-1995,apartment<5,0.0
1981,1996-2000,apartment<5,0.0
1981,2001-2005,apartment<5,0.0
1981,2006-2010,apartment<5,0.0
1981,2011-2015,apartment<5,0.0
1981,2016-2020,apartment<5,0.0
1981,2021-2025,apartment<5,0.0
2001,total,apartment<5,1027900.0
2001,<1945,apartment<5,
2001,<1920,apartment<5,
2001,1921-1945,apartment<5,
2001,1946-1970,apartment<5,0.0
2001,1946-1960,apartment<5,
2001,1961-1970,apartment<5,
2001,1971-1985,apartment<5,0.0
2001,1971-1980,apartment<5,
2001,1981-1985,apartment<5,
2001,1986 +,apartment<5,0.0
2001,1986-1990,apartment<5,
2001,1991-1995,apartment<5,
2001,1996-2000,apartment<5,
2001,2001-2005,apartment<5,
2001,1981-1990,apartment<5,0.0
2001,2006-2010,apartment<5,0.0
2001,2011-2015,apartment<5,0.0
2001,2016-2020,apartment<5,0.0
2001,2021-2025,apartment<5,0.0
1991,total,other_single_attached,20170.0
1991,<1945,other_single_attached,
1991,<1920,other_single_attached,
1991,1921-1945,other_single_attached,
1991,1946-1970,other_single_attached,
1991,1946-1960,other_single_attached,
1991,1961-1970,other_single_attached,
1991,1971-1985,other_single_attached,
1991,1971-1980,other_single_attached,
1991,1981-1985,other_single_attached,
1991,1986 +,other_single_attached,
1991,1986-1990,other_single_attached,
1991,1991(1),other_single_attached,
1991,1981-1990,other_single_attached,0.0
1991,1991-1995,other_single_attached,0.0
1991,1996-2000,other_single_attached,0.0
1991,2001-2005,other_single_attached,0.0
1991,2006-2010,other_single_attached,0.0
1991,2011-2015,other_single_attached,0.0
1991,2016-2020,other_single_attached,0.0
1991,2021-2025,other_single_attached,0.0
2006,total,other_single_attached,15280.0
2006,<1920,other_single_attached,3010.0
2006,1921-1945,other_single_attached,2240.0
2006,1946-1960,other_single_attached,3700.0
2006,1961-1970,other_single_attached,2000.0
2006,1971-1980,other_single_attached,1620.0
2006,1981-1985,other_single_attached,590.0
2006,1986-1990,other_single_attached,600.0
2006,1991-1995,other_single_attached,560.0
2006,1996-2000,other_single_attached,405.0
2006,2001-2005,other_single_attached,508.0
2006,2006-2010,other_single_attached,42.0
2006,1981-1990,other_single_attached,1190.0
2006,2011-2015,other_single_attached,0.0
2006,2016-2020,other_single_attached,0.0
2006,2021-2025,other_single_attached,0.0
2021,total,other_single_attached,15405.0
2021,<1920,other_single_attached,2540.0
2021,1921-1945,other_single_attached,1845.0
2021,1946-1960,other_single_attached,3185.0
2021,1961-1970,other_single_attached,1875.0
2021,1971-1980,other_single_attached,1765.0
2021,1981-1990,other_single_attached,1220.0
2021,1991-1995,other_single_attached,550.0
2021,1996-2000,other_single_attached,410.0
2021,2001-2005,other_single_attached,415.0
2021,2006-2010,other_single_attached,355.0
2021,2011-2015,other_single_attached,510.0
2021,2016-2020,other_single_attached,688.0
2021,2021-2025,other_single_attached,57.0
1961,total,other_single_attached,
1961,<1945,other_single_attached,0.0
1961,<1920,other_single_attached,
1961,1921-1945,other_single_attached,
1961,1946-1960,other_single_attached,0.0
1961,1946-1959,other_single_attached,
1961,1960-1960,other_single_attached,
1961,1961-1965,other_single_attached,
1961,1961-1970,other_single_attached,0.0
1961,1971-1980,other_single_attached,0.0
1961,1981-1990,other_single_attached,0.0
1961,1991-1995,other_single_attached,0.0
1961,1996-2000,other_single_attached,0.0
1961,2001-2005,other_single_attached,0.0
1961,2006-2010,other_single_attached,0.0
1961,2011-2015,other_single_attached,0.0
1961,2016-2020,other_single_attached,0.0
1961,2021-2025,other_single_attached,0.0
2016,total,other_single_attached,15520.0
2016,<1920,other_single_attached,2890.0
2016,1921-1945,other_single_attached,2070.0
2016,1946-1960,other_single_attached,3325.0
2016,1961-1970,other_single_attached,2135.0
2016,1971-1980,other_single_attached,1720.0
2016,1981-1990,other_single_attached,1290.0
2016,1991-1995,other_single_attached,475.0
2016,1996-2000,other_single_attached,300.0
2016,2001-2005,other_single_attached,350.0
2016,2006-2010,other_single_attached,390.0
2016,2011-2015,other_single_attached,531.0
2016,2016-2020,other_single_attached,44.0
2016,2021-2025,other_single_attached,0.0
2011,total,other_single_attached,14910.0
2011,<1920,other_single_attached,2820.0
2011,1921-1945,other_single_attached,2325.0
2011,1946-1960,other_single_attached,3405.0
2011,1961-1970,other_single_attached,2210.0
2011,1971-1980,other_single_attached,1405.0
2011,1981-1990,other_single_attached,1155.0
2011,1991-1995,other_single_attached,490.0
2011,1996-2000,other_single_attached,280.0
2011,2001-2005,other_single_attached,335.0
2011,2006-2010,other_single_attached,448.0
2011,2011-2015,other_single_attached,37.0
2011,2016-2020,other_single_attached,0.0
2011,2021-2025,other_single_attached,0.0
1996,total,other_single_attached,16405.0
1996,<1945,other_single_attached,
1996,<1920,other_single_attached,
1996,1921-1945,other_single_attached,
1996,1946-1970,other_single_attached,
1996,1946-1960,other_single_attached,
1996,1961-1970,other_single_attached,
1996,1971-1985,other_single_attached,
1996,1971-1980,other_single_attached,
1996,1981-1985,other_single_attached,
1996,1986 +,other_single_attached,
1996,1986-1990,other_single_attached,
1996,1991-1995,other_single_attached,
1996,1996(1),other_single_attached,
1996,1981-1990,other_single_attached,0.0
1996,1996-2000,other_single_attached,0.0
1996,2001-2005,other_single_attached,0.0
1996,2006-2010,other_single_attached,0.0
1996,2011-2015,other_single_attached,0.0
1996,2016-2020,other_single_attached,0.0
1996,2021-2025,other_single_attached,0.0
1971,total,other_single_attached,
1971,<1945,other_single_attached,0.0
1971,<1920,other_single_attached,
1971,1921-1945,other_single_attached,
1971,1946-1970,other_single_attached,0.0
1971,1946-1960,other_single_attached,
1971,1961-1965,other_single_attached,
1971,1966-1969,other_single_attached,
1971,1970-1970,other_single_attached,
1971,1971-1975,other_single_attached,
1971,1961-1970,other_single_attached,0.0
1971,1971-1980,other_single_attached,0.0
1971,1981-1990,other_single_attached,0.0
1971,1991-1995,other_single_attached,0.0
1971,1996-2000,other_single_attached,0.0
1971,2001-2005,other_single_attached,0.0
1971,2006-2010,other_single_attached,0.0
1971,2011-2015,other_single_attached,0.0
1971,2016-2020,other_single_attached,0.0
1971,2021-2025,other_single_attached,0.0
1986,total,other_single_attached,
1986,<1945,other_single_attached,0.0
1986,<1920,other_single_attached,
1986,1921-1945,other_single_attached,
1986,1946-1970,other_single_attached,0.0
1986,1946-1960,other_single_attached,
1986,1961-1970,other_single_attached,
1986,1971-1985,other_single_attached,0.0
1986,1971-1975,other_single_attached,
1986,1976-1980,other_single_attached,
1986,1981-1985,other_single_attached,
1986,1986 +,other_single_attached,0.0
1986,1986-1990,other_single_attached,0.0
1986,1986(1),other_single_attached,
1986,1971-1980,other_single_attached,0.0
1986,1981-1990,other_single_attached,0.0
1986,1991-1995,other_single_attached,0.0
1986,1996-2000,other_single_attached,0.0
1986,2001-2005,other_single_attached,0.0
1986,2006-2010,other_single_attached,0.0
1986,2011-2015,other_single_attached,0.0
1986,2016-2020,other_single_attached,0.0
1986,2021-2025,other_single_attached,0.0
1981,total,other_single_attached,
1981,<1945,other_single_attached,
1981,<1920,other_single_attached,
1981,1921-1945,other_single_attached,
1981,1946-1970,other_single_attached,0.0
1981,1946-1960,other_single_attached,
1981,1961-1970,other_single_attached,
1981,1971-1980,other_single_attached,
1981,1971-1975,other_single_attached,
1981,1976-1980,other_single_attached,
1981,1981-1985,other_single_attached,
1981,1981-1990,other_single_attached,0.0
1981,1991-1995,other_single_attached,0.0
1981,1996-2000,other_single_attached,0.0
1981,2001-2005,other_single_attached,0.0
1981,2006-2010,other_single_attached,0.0
1981,2011-2015,other_single_attached,0.0
1981,2016-2020,other_single_attached,0.0
1981,2021-2025,other_single_attached,0.0
2001,total,other_single_attached,19210.0
2001,<1945,other_single_attached,
2001,<1920,other_single_attached,
2001,1921-1945,other_single_attached,
2001,1946-1970,other_single_attached,0.0
2001,1946-1960,other_single_attached,
2001,1961-1970,other_single_attached,
2001,1971-1985,other_single_attached,0.0
2001,1971-1980,other_single_attached,
2001,1981-1985,other_single_attached,
2001,1986 +,other_single_attached,0.0
2001,1986-1990,other_single_attached,
2001,1991-1995,other_single_attached,
2001,1996-2000,other_single_attached,
2001,2001-2005,other_single_attached,
2001,1981-1990,other_single_attached,0.0
2001,2006-2010,other_single_attached,0.0
2001,2011-2015,other_single_attached,0.0
2001,2016-2020,other_single_attached,0.0
2001,2021-2025,other_single_attached,0.0
1991,total,row,61145.0
1991,<1945,row,
1991,<1920,row,
1991,1921-1945,row,
1991,1946-1970,row,
1991,1946-1960,row,
1991,1961-1970,row,
1991,1971-1985,row,
1991,1971-1980,row,
1991,1981-1985,row,
1991,1986 +,row,
1991,1986-1990,row,
1991,1991(1),row,
1991,1981-1990,row,0.0
1991,1991-1995,row,0.0
1991,1996-2000,row,0.0
1991,2001-2005,row,0.0
1991,2006-2010,row,0.0
1991,2011-2015,row,0.0
1991,2016-2020,row,0.0
1991,2021-2025,row,0.0
2006,total,row,76465.0
2006,<1920,row,4620.0
2006,1921-1945,row,2855.0
2006,1946-1960,row,4815.0
2006,1961-1970,row,7670.0
2006,1971-1980,row,16390.0
2006,1981-1985,row,7055.0
2006,1986-1990,row,7430.0
2006,1991-1995,row,12415.0
2006,1996-2000,row,6845.0
2006,2001-2005,row,5880.0
2006,2006-2010,row,490.0
2006,1981-1990,row,14485.0
2006,2011-2015,row,0.0
2006,2016-2020,row,0.0
2006,2021-2025,row,0.0
2021,total,row,99205.0
2021,<1920,row,5190.0
2021,1921-1945,row,2635.0
2021,1946-1960,row,4495.0
2021,1961-1970,row,7385.0
2021,1971-1980,row,16050.0
2021,1981-1990,row,14655.0
2021,1991-1995,row,12005.0
2021,1996-2000,row,7150.0
2021,2001-2005,row,5740.0
2021,2006-2010,row,9020.0
2021,2011-2015,row,8675.0
2021,2016-2020,row,5705.0
2021,2021-2025,row,475.0
1961,total,row,
1961,<1945,row,0.0
1961,<1920,row,
1961,1921-1945,row,
1961,1946-1960,row,0.0
1961,1946-1959,row,
1961,1960-1960,row,
1961,1961-1965,row,
1961,1961-1970,row,0.0
1961,1971-1980,row,0.0
1961,1981-1990,row,0.0
1961,1991-1995,row,0.0
1961,1996-2000,row,0.0
1961,2001-2005,row,0.0
1961,2006-2010,row,0.0
1961,2011-2015,row,0.0
1961,2016-2020,row,0.0
1961,2021-2025,row,0.0
2016,total,row,93980.0
2016,<1920,row,5140.0
2016,1921-1945,row,2515.0
2016,1946-1960,row,4985.0
2016,1961-1970,row,7385.0
2016,1971-1980,row,16465.0
2016,1981-1990,row,14290.0
2016,1991-1995,row,12395.0
2016,1996-2000,row,6810.0
2016,2001-2005,row,5885.0
2016,2006-2010,row,9605.0
2016,2011-2015,row,7847.0
2016,2016-2020,row,653.0
2016,2021-2025,row,0.0
2011,total,row,85920.0
2011,<1920,row,4855.0
2011,1921-1945,row,2415.0
2011,1946-1960,row,4920.0
2011,1961-1970,row,8155.0
2011,1971-1980,row,16220.0
2011,1981-1990,row,14760.0
2011,1991-1995,row,11815.0
2011,1996-2000,row,7025.0
2011,2001-2005,row,5780.0
2011,2006-2010,row,9204.0
2011,2011-2015,row,766.0
2011,2016-2020,row,0.0
2011,2021-2025,row,0.0
1996,total,row,72340.0
1996,<1945,row,
1996,<1920,row,
1996,1921-1945,row,
1996,1946-1970,row,
1996,1946-1960,row,
1996,1961-1970,row,
1996,1971-1985,row,
1996,1971-1980,row,
1996,1981-1985,row,
1996,1986 +,row,
1996,1986-1990,row,
1996,1991-1995,row,
1996,1996(1),row,
1996,1981-1990,row,0.0
1996,1996-2000,row,0.0
1996,2001-2005,row,0.0
1996,2006-2010,row,0.0
1996,2011-2015,row,0.0
1996,2016-2020,row,0.0
1996,2021-2025,row,0.0
1971,total,row,
1971,<1945,row,0.0
1971,<1920,row,
1971,1921-1945,row,
1971,1946-1970,row,0.0
1971,1946-1960,row,
1971,1961-1965,row,
1971,1966-1969,row,
1971,1970-1970,row,
1971,1971-1975,row,
1971,1961-1970,row,0.0
1971,1971-1980,row,0.0
1971,1981-1990,row,0.0
1971,1991-1995,row,0.0
1971,1996-2000,row,0.0
1971,2001-2005,row,0.0
1971,2006-2010,row,0.0
1971,2011-2015,row,0.0
1971,2016-2020,row,0.0
1971,2021-2025,row,0.0
1986,total,row,
1986,<1945,row,0.0
1986,<1920,row,
1986,1921-1945,row,
1986,1946-1970,row,0.0
1986,1946-1960,row,
1986,1961-1970,row,
1986,1971-1985,row,0.0
1986,1971-1975,row,
1986,1976-1980,row,
1986,1981-1985,row,
1986,1986 +,row,0.0
1986,1986-1990,row,0.0
1986,1986(1),row,
1986,1971-1980,row,0.0
1986,1981-1990,row,0.0
1986,1991-1995,row,0.0
1986,1996-2000,row,0.0
1986,2001-2005,row,0.0
1986,2006-2010,row,0.0
1986,2011-2015,row,0.0
1986,2016-2020,row,0.0
1986,2021-2025,row,0.0
1981,total,row,
1981,<1945,row,
1981,<1920,row,
1981,1921-1945,row,
1981,1946-1970,row,0.0
1981,1946-1960,row,
1981,1961-1970,row,
1981,1971-1980,row,
1981,1971-1975,row,
1981,1976-1980,row,
1981,1981-1985,row,
1981,1981-1990,row,0.0
1981,1991-1995,row,0.0
1981,1996-2000,row,0.0
1981,2001-2005,row,0.0
1981,2006-2010,row,0.0
1981,2011-2015,row,0.0
1981,2016-2020,row,0.0
1981,2021-2025,row,0.0
2001,total,row,80120.0
2001,<1945,row,
2001,<1920,row,
2001,1921-1945,row,
2001,1946-1970,row,0.0
2001,1946-1960,row,
2001,1961-1970,row,
2001,1971-1985,row,0.0
2001,1971-1980,row,
2001,1981-1985,row,
2001,1986 +,row,0.0
2001,1986-1990,row,
2001,1991-1995,row,
2001,1996-2000,row,
2001,2001-2005,row,
2001,1981-1990,row,0.0
2001,2006-2010,row,0.0
2001,2011-2015,row,0.0
2001,2016-2020,row,0.0
2001,2021-2025,row,0.0
1991,total,semi_detached,116250.0
1991,<1945,semi_detached,
1991,<1920,semi_detached,
1991,1921-1945,semi_detached,
1991,1946-1970,semi_detached,
1991,1946-1960,semi_detached,
1991,1961-1970,semi_detached,
1991,1971-1985,semi_detached,
1991,1971-1980,semi_detached,
1991,1981-1985,semi_detached,
1991,1986 +,semi_detached,
1991,1986-1990,semi_detached,
1991,1991(1),semi_detached,
1991,1981-1990,semi_detached,0.0
1991,1991-1995,semi_detached,0.0
1991,1996-2000,semi_detached,0.0
1991,2001-2005,semi_detached,0.0
1991,2006-2010,semi_detached,0.0
1991,2011-2015,semi_detached,0.0
1991,2016-2020,semi_detached,0.0
1991,2021-2025,semi_detached,0.0
2006,total,semi_detached,156200.0
2006,<1920,semi_detached,8275.0
2006,1921-1945,semi_detached,8485.0
2006,1946-1960,semi_detached,19030.0
2006,1961-1970,semi_detached,13485.0
2006,1971-1980,semi_detached,30610.0
2006,1981-1985,semi_detached,16365.0
2006,1986-1990,semi_detached,14945.0
2006,1991-1995,semi_detached,20010.0
2006,1996-2000,semi_detached,11865.0
2006,2001-2005,semi_detached,12125.0
2006,2006-2010,semi_detached,1010.0
2006,1981-1990,semi_detached,31310.0
2006,2011-2015,semi_detached,0.0
2006,2016-2020,semi_detached,0.0
2006,2021-2025,semi_detached,0.0
2021,total,semi_detached,200495.0
2021,<1920,semi_detached,7970.0
2021,1921-1945,semi_detached,7275.0
2021,1946-1960,semi_detached,17830.0
2021,1961-1970,semi_detached,13430.0
2021,1971-1980,semi_detached,31500.0
2021,1981-1990,semi_detached,30290.0
2021,1991-1995,semi_detached,19530.0
2021,1996-2000,semi_detached,12045.0
2021,2001-2005,semi_detached,11850.0
2021,2006-2010,semi_detached,18240.0
2021,2011-2015,semi_detached,18625.0
2021,2016-2020,semi_detached,10994.0
2021,2021-2025,semi_detached,916.0
1961,total,semi_detached,
1961,<1945,semi_detached,0.0
1961,<1920,semi_detached,
1961,1921-1945,semi_detached,
1961,1946-1960,semi_detached,0.0
1961,1946-1959,semi_detached,
1961,1960-1960,semi_detached,
1961,1961-1965,semi_detached,
1961,1961-1970,semi_detached,0.0
1961,1971-1980,semi_detached,0.0
1961,1981-1990,semi_detached,0.0
1961,1991-1995,semi_detached,0.0
1961,1996-2000,semi_detached,0.0
1961,2001-2005,semi_detached,0.0
1961,2006-2010,semi_detached,0.0
1961,2011-2015,semi_detached,0.0
1961,2016-2020,semi_detached,0.0
1961,2021-2025,semi_detached,0.0
2016,total,semi_detached,190050.0
2016,<1920,semi_detached,7925.0
2016,1921-1945,semi_detached,7535.0
2016,1946-1960,semi_detached,18070.0
2016,1961-1970,semi_detached,13190.0
2016,1971-1980,semi_detached,31475.0
2016,1981-1990,semi_detached,30030.0
2016,1991-1995,semi_detached,19770.0
2016,1996-2000,semi_detached,12135.0
2016,2001-2005,semi_detached,12285.0
2016,2006-2010,semi_detached,19120.0
2016,2011-2015,semi_detached,17082.0
2016,2016-2020,semi_detached,1423.0
2016,2021-2025,semi_detached,0.0
2011,total,semi_detached,175805.0
2011,<1920,semi_detached,8530.0
2011,1921-1945,semi_detached,7995.0
2011,1946-1960,semi_detached,18770.0
2011,1961-1970,semi_detached,13845.0
2011,1971-1980,semi_detached,31040.0
2011,1981-1990,semi_detached,32125.0
2011,1991-1995,semi_detached,19055.0
2011,1996-2000,semi_detached,12820.0
2011,2001-2005,semi_detached,13050.0
2011,2006-2010,semi_detached,17147.0
2011,2011-2015,semi_detached,1428.0
2011,2016-2020,semi_detached,0.0
2011,2021-2025,semi_detached,0.0
1996,total,semi_detached,130435.0
1996,<1945,semi_detached,
1996,<1920,semi_detached,
1996,1921-1945,semi_detached,
1996,1946-1970,semi_detached,
1996,1946-1960,semi_detached,
1996,1961-1970,semi_detached,
1996,1971-1985,semi_detached,
1996,1971-1980,semi_detached,
1996,1981-1985,semi_detached,
1996,1986 +,semi_detached,
1996,1986-1990,semi_detached,
1996,1991-1995,semi_detached,
1996,1996(1),semi_detached,
1996,1981-1990,semi_detached,0.0
1996,1996-2000,semi_detached,0.0
1996,2001-2005,semi_detached,0.0
1996,2006-2010,semi_detached,0.0
1996,2011-2015,semi_detached,0.0
1996,2016-2020,semi_detached,0.0
1996,2021-2025,semi_detached,0.0
1971,total,semi_detached,
1971,<1945,semi_detached,0.0
1971,<1920,semi_detached,
1971,1921-1945,semi_detached,
1971,1946-1970,semi_detached,0.0
1971,1946-1960,semi_detached,
1971,1961-1965,semi_detached,
1971,1966-1969,semi_detached,
1971,1970-1970,semi_detached,
1971,1971-1975,semi_detached,
1971,1961-1970,semi_detached,0.0
1971,1971-1980,semi_detached,0.0
1971,1981-1990,semi_detached,0.0
1971,1991-1995,semi_detached,0.0
1971,1996-2000,semi_detached,0.0
1971,2001-2005,semi_detached,0.0
1971,2006-2010,semi_detached,0.0
1971,2011-2015,semi_detached,0.0
1971,2016-2020,semi_detached,0.0
1971,2021-2025,semi_detached,0.0
1986,total,semi_detached,
1986,<1945,semi_detached,0.0
1986,<1920,semi_detached,
1986,1921-1945,semi_detached,
1986,1946-1970,semi_detached,0.0
1986,1946-1960,semi_detached,
1986,1961-1970,semi_detached,
1986,1971-1985,semi_detached,0.0
1986,1971-1975,semi_detached,
1986,1976-1980,semi_detached,
1986,1981-1985,semi_detached,
1986,1986 +,semi_detached,0.0
1986,1986-1990,semi_detached,0.0
1986,1986(1),semi_detached,
1986,1971-1980,semi_detached,0.0
1986,1981-1990,semi_detached,0.0
1986,1991-1995,semi_detached,0.0
1986,1996-2000,semi_detached,0.0
1986,2001-2005,semi_detached,0.0
1986,2006-2010,semi_detached,0.0
1986,2011-2015,semi_detached,0.0
1986,2016-2020,semi_detached,0.0
1986,2021-2025,semi_detached,0.0
1981,total,semi_detached,
1981,<1945,semi_detached,
1981,<1920,semi_detached,
1981,1921-1945,semi_detached,
1981,1946-1970,semi_detached,0.0
1981,1946-1960,semi_detached,
1981,1961-1970,semi_detached,
1981,1971-1980,semi_detached,
1981,1971-1975,semi_detached,
1981,1976-1980,semi_detached,
1981,1981-1985,semi_detached,
1981,1981-1990,semi_detached,0.0
1981,1991-1995,semi_detached,0.0
1981,1996-2000,semi_detached,0.0
1981,2001-2005,semi_detached,0.0
1981,2006-2010,semi_detached,0.0
1981,2011-2015,semi_detached,0.0
1981,2016-2020,semi_detached,0.0
1981,2021-2025,semi_detached,0.0
2001,total,semi_detached,146455.0
2001,<1945,semi_detached,
2001,<1920,semi_detached,
2001,1921-1945,semi_detached,
2001,1946-1970,semi_detached,0.0
2001,1946-1960,semi_detached,
2001,1961-1970,semi_detached,
2001,1971-1985,semi_detached,0.0
2001,1971-1980,semi_detached,
2001,1981-1985,semi_detached,
2001,1986 +,semi_detached,0.0
2001,1986-1990,semi_detached,
2001,1991-1995,semi_detached,
2001,1996-2000,semi_detached,
2001,2001-2005,semi_detached,
2001,1981-1990,semi_detached,0.0
2001,2006-2010,semi_detached,0.0
2001,2011-2015,semi_detached,0.0
2001,2016-2020,semi_detached,0.0
2001,2021-2025,semi_detached,0.0
