,year,vintage,type,dwellings
0,1685,0-2025,total,1990
1,1685,0-2025,apartments,845
2,1685,0-2025,mobile,5
3,1685,0-2025,single_attached,136
4,1685,0-2025,single_detached,1004
5,1685,1608-1920,total,1990
6,1685,1608-1920,apartments,845
7,1685,1608-1920,mobile,5
8,1685,1608-1920,single_attached,136
9,1685,1608-1920,single_detached,1004
10,1685,1921-1945,total,0
11,1685,1921-1945,apartments,0
12,1685,1921-1945,mobile,0
13,1685,1921-1945,single_attached,0
14,1685,1921-1945,single_detached,0
15,1685,1946-1960,total,0
16,1685,1946-1960,apartments,0
17,1685,1946-1960,mobile,0
18,1685,1946-1960,single_attached,0
19,1685,1946-1960,single_detached,0
20,1685,1961-1970,total,0
21,1685,1961-1970,apartments,0
22,1685,1961-1970,mobile,0
23,1685,1961-1970,single_attached,0
24,1685,1961-1970,single_detached,0
25,1685,1971-1980,total,0
26,1685,1971-1980,apartments,0
27,1685,1971-1980,mobile,0
28,1685,1971-1980,single_attached,0
29,1685,1971-1980,single_detached,0
30,1685,1981-1990,total,0
31,1685,1981-1990,apartments,0
32,1685,1981-1990,mobile,0
33,1685,1981-1990,single_attached,0
34,1685,1981-1990,single_detached,0
35,1685,1991-1995,total,0
36,1685,1991-1995,apartments,0
37,1685,1991-1995,mobile,0
38,1685,1991-1995,single_attached,0
39,1685,1991-1995,single_detached,0
40,1685,1996-2000,total,0
41,1685,1996-2000,apartments,0
42,1685,1996-2000,mobile,0
43,1685,1996-2000,single_attached,0
44,1685,1996-2000,single_detached,0
45,1685,2001-2005,total,0
46,1685,2001-2005,apartments,0
47,1685,2001-2005,mobile,0
48,1685,2001-2005,single_attached,0
49,1685,2001-2005,single_detached,0
50,1685,2006-2010,total,0
51,1685,2006-2010,apartments,0
52,1685,2006-2010,mobile,0
53,1685,2006-2010,single_attached,0
54,1685,2006-2010,single_detached,0
55,1685,2011-2015,total,0
56,1685,2011-2015,apartments,0
57,1685,2011-2015,mobile,0
58,1685,2011-2015,single_attached,0
59,1685,2011-2015,single_detached,0
60,1685,2016-2020,total,0
61,1685,2016-2020,apartments,0
62,1685,2016-2020,mobile,0
63,1685,2016-2020,single_attached,0
64,1685,2016-2020,single_detached,0
65,1685,2021-2025,total,0
66,1685,2021-2025,apartments,0
67,1685,2021-2025,mobile,0
68,1685,2021-2025,single_attached,0
69,1685,2021-2025,single_detached,0
70,1688,0-2025,total,1877
71,1688,0-2025,apartments,797
72,1688,0-2025,mobile,5
73,1688,0-2025,single_attached,128
74,1688,0-2025,single_detached,947
75,1688,1608-1920,total,1877
76,1688,1608-1920,apartments,797
77,1688,1608-1920,mobile,5
78,1688,1608-1920,single_attached,128
79,1688,1608-1920,single_detached,947
80,1688,1921-1945,total,0
81,1688,1921-1945,apartments,0
82,1688,1921-1945,mobile,0
83,1688,1921-1945,single_attached,0
84,1688,1921-1945,single_detached,0
85,1688,1946-1960,total,0
86,1688,1946-1960,apartments,0
87,1688,1946-1960,mobile,0
88,1688,1946-1960,single_attached,0
89,1688,1946-1960,single_detached,0
90,1688,1961-1970,total,0
91,1688,1961-1970,apartments,0
92,1688,1961-1970,mobile,0
93,1688,1961-1970,single_attached,0
94,1688,1961-1970,single_detached,0
95,1688,1971-1980,total,0
96,1688,1971-1980,apartments,0
97,1688,1971-1980,mobile,0
98,1688,1971-1980,single_attached,0
99,1688,1971-1980,single_detached,0
100,1688,1981-1990,total,0
101,1688,1981-1990,apartments,0
102,1688,1981-1990,mobile,0
103,1688,1981-1990,single_attached,0
104,1688,1981-1990,single_detached,0
105,1688,1991-1995,total,0
106,1688,1991-1995,apartments,0
107,1688,1991-1995,mobile,0
108,1688,1991-1995,single_attached,0
109,1688,1991-1995,single_detached,0
110,1688,1996-2000,total,0
111,1688,1996-2000,apartments,0
112,1688,1996-2000,mobile,0
113,1688,1996-2000,single_attached,0
114,1688,1996-2000,single_detached,0
115,1688,2001-2005,total,0
116,1688,2001-2005,apartments,0
117,1688,2001-2005,mobile,0
118,1688,2001-2005,single_attached,0
119,1688,2001-2005,single_detached,0
120,1688,2006-2010,total,0
121,1688,2006-2010,apartments,0
122,1688,2006-2010,mobile,0
123,1688,2006-2010,single_attached,0
124,1688,2006-2010,single_detached,0
125,1688,2011-2015,total,0
126,1688,2011-2015,apartments,0
127,1688,2011-2015,mobile,0
128,1688,2011-2015,single_attached,0
129,1688,2011-2015,single_detached,0
130,1688,2016-2020,total,0
131,1688,2016-2020,apartments,0
132,1688,2016-2020,mobile,0
133,1688,2016-2020,single_attached,0
134,1688,2016-2020,single_detached,0
135,1688,2021-2025,total,0
136,1688,2021-2025,apartments,0
137,1688,2021-2025,mobile,0
138,1688,2021-2025,single_attached,0
139,1688,2021-2025,single_detached,0
140,1692,0-2025,total,1929
141,1692,0-2025,apartments,819
142,1692,0-2025,mobile,5
143,1692,0-2025,single_attached,131
144,1692,0-2025,single_detached,974
145,1692,1608-1920,total,1929
146,1692,1608-1920,apartments,819
147,1692,1608-1920,mobile,5
148,1692,1608-1920,single_attached,131
149,1692,1608-1920,single_detached,974
150,1692,1921-1945,total,0
151,1692,1921-1945,apartments,0
152,1692,1921-1945,mobile,0
153,1692,1921-1945,single_attached,0
154,1692,1921-1945,single_detached,0
155,1692,1946-1960,total,0
156,1692,1946-1960,apartments,0
157,1692,1946-1960,mobile,0
158,1692,1946-1960,single_attached,0
159,1692,1946-1960,single_detached,0
160,1692,1961-1970,total,0
161,1692,1961-1970,apartments,0
162,1692,1961-1970,mobile,0
163,1692,1961-1970,single_attached,0
164,1692,1961-1970,single_detached,0
165,1692,1971-1980,total,0
166,1692,1971-1980,apartments,0
167,1692,1971-1980,mobile,0
168,1692,1971-1980,single_attached,0
169,1692,1971-1980,single_detached,0
170,1692,1981-1990,total,0
171,1692,1981-1990,apartments,0
172,1692,1981-1990,mobile,0
173,1692,1981-1990,single_attached,0
174,1692,1981-1990,single_detached,0
175,1692,1991-1995,total,0
176,1692,1991-1995,apartments,0
177,1692,1991-1995,mobile,0
178,1692,1991-1995,single_attached,0
179,1692,1991-1995,single_detached,0
180,1692,1996-2000,total,0
181,1692,1996-2000,apartments,0
182,1692,1996-2000,mobile,0
183,1692,1996-2000,single_attached,0
184,1692,1996-2000,single_detached,0
185,1692,2001-2005,total,0
186,1692,2001-2005,apartments,0
187,1692,2001-2005,mobile,0
188,1692,2001-2005,single_attached,0
189,1692,2001-2005,single_detached,0
190,1692,2006-2010,total,0
191,1692,2006-2010,apartments,0
192,1692,2006-2010,mobile,0
193,1692,2006-2010,single_attached,0
194,1692,2006-2010,single_detached,0
195,1692,2011-2015,total,0
196,1692,2011-2015,apartments,0
197,1692,2011-2015,mobile,0
198,1692,2011-2015,single_attached,0
199,1692,2011-2015,single_detached,0
200,1692,2016-2020,total,0
201,1692,2016-2020,apartments,0
202,1692,2016-2020,mobile,0
203,1692,2016-2020,single_attached,0
204,1692,2016-2020,single_detached,0
205,1692,2021-2025,total,0
206,1692,2021-2025,apartments,0
207,1692,2021-2025,mobile,0
208,1692,2021-2025,single_attached,0
209,1692,2021-2025,single_detached,0
210,1695,0-2025,total,1934
211,1695,0-2025,apartments,821
212,1695,0-2025,mobile,5
213,1695,0-2025,single_attached,132
214,1695,0-2025,single_detached,976
215,1695,1608-1920,total,1934
216,1695,1608-1920,apartments,821
217,1695,1608-1920,mobile,5
218,1695,1608-1920,single_attached,132
219,1695,1608-1920,single_detached,976
220,1695,1921-1945,total,0
221,1695,1921-1945,apartments,0
222,1695,1921-1945,mobile,0
223,1695,1921-1945,single_attached,0
224,1695,1921-1945,single_detached,0
225,1695,1946-1960,total,0
226,1695,1946-1960,apartments,0
227,1695,1946-1960,mobile,0
228,1695,1946-1960,single_attached,0
229,1695,1946-1960,single_detached,0
230,1695,1961-1970,total,0
231,1695,1961-1970,apartments,0
232,1695,1961-1970,mobile,0
233,1695,1961-1970,single_attached,0
234,1695,1961-1970,single_detached,0
235,1695,1971-1980,total,0
236,1695,1971-1980,apartments,0
237,1695,1971-1980,mobile,0
238,1695,1971-1980,single_attached,0
239,1695,1971-1980,single_detached,0
240,1695,1981-1990,total,0
241,1695,1981-1990,apartments,0
242,1695,1981-1990,mobile,0
243,1695,1981-1990,single_attached,0
244,1695,1981-1990,single_detached,0
245,1695,1991-1995,total,0
246,1695,1991-1995,apartments,0
247,1695,1991-1995,mobile,0
248,1695,1991-1995,single_attached,0
249,1695,1991-1995,single_detached,0
250,1695,1996-2000,total,0
251,1695,1996-2000,apartments,0
252,1695,1996-2000,mobile,0
253,1695,1996-2000,single_attached,0
254,1695,1996-2000,single_detached,0
255,1695,2001-2005,total,0
256,1695,2001-2005,apartments,0
257,1695,2001-2005,mobile,0
258,1695,2001-2005,single_attached,0
259,1695,2001-2005,single_detached,0
260,1695,2006-2010,total,0
261,1695,2006-2010,apartments,0
262,1695,2006-2010,mobile,0
263,1695,2006-2010,single_attached,0
264,1695,2006-2010,single_detached,0
265,1695,2011-2015,total,0
266,1695,2011-2015,apartments,0
267,1695,2011-2015,mobile,0
268,1695,2011-2015,single_attached,0
269,1695,2011-2015,single_detached,0
270,1695,2016-2020,total,0
271,1695,2016-2020,apartments,0
272,1695,2016-2020,mobile,0
273,1695,2016-2020,single_attached,0
274,1695,2016-2020,single_detached,0
275,1695,2021-2025,total,0
276,1695,2021-2025,apartments,0
277,1695,2021-2025,mobile,0
278,1695,2021-2025,single_attached,0
279,1695,2021-2025,single_detached,0
280,1698,0-2025,total,2310
281,1698,0-2025,apartments,981
282,1698,0-2025,mobile,6
283,1698,0-2025,single_attached,157
284,1698,0-2025,single_detached,1166
285,1698,1608-1920,total,2310
286,1698,1608-1920,apartments,981
287,1698,1608-1920,mobile,6
288,1698,1608-1920,single_attached,157
289,1698,1608-1920,single_detached,1166
290,1698,1921-1945,total,0
291,1698,1921-1945,apartments,0
292,1698,1921-1945,mobile,0
293,1698,1921-1945,single_attached,0
294,1698,1921-1945,single_detached,0
295,1698,1946-1960,total,0
296,1698,1946-1960,apartments,0
297,1698,1946-1960,mobile,0
298,1698,1946-1960,single_attached,0
299,1698,1946-1960,single_detached,0
300,1698,1961-1970,total,0
301,1698,1961-1970,apartments,0
302,1698,1961-1970,mobile,0
303,1698,1961-1970,single_attached,0
304,1698,1961-1970,single_detached,0
305,1698,1971-1980,total,0
306,1698,1971-1980,apartments,0
307,1698,1971-1980,mobile,0
308,1698,1971-1980,single_attached,0
309,1698,1971-1980,single_detached,0
310,1698,1981-1990,total,0
311,1698,1981-1990,apartments,0
312,1698,1981-1990,mobile,0
313,1698,1981-1990,single_attached,0
314,1698,1981-1990,single_detached,0
315,1698,1991-1995,total,0
316,1698,1991-1995,apartments,0
317,1698,1991-1995,mobile,0
318,1698,1991-1995,single_attached,0
319,1698,1991-1995,single_detached,0
320,1698,1996-2000,total,0
321,1698,1996-2000,apartments,0
322,1698,1996-2000,mobile,0
323,1698,1996-2000,single_attached,0
324,1698,1996-2000,single_detached,0
325,1698,2001-2005,total,0
326,1698,2001-2005,apartments,0
327,1698,2001-2005,mobile,0
328,1698,2001-2005,single_attached,0
329,1698,2001-2005,single_detached,0
330,1698,2006-2010,total,0
331,1698,2006-2010,apartments,0
332,1698,2006-2010,mobile,0
333,1698,2006-2010,single_attached,0
334,1698,2006-2010,single_detached,0
335,1698,2011-2015,total,0
336,1698,2011-2015,apartments,0
337,1698,2011-2015,mobile,0
338,1698,2011-2015,single_attached,0
339,1698,2011-2015,single_detached,0
340,1698,2016-2020,total,0
341,1698,2016-2020,apartments,0
342,1698,2016-2020,mobile,0
343,1698,2016-2020,single_attached,0
344,1698,2016-2020,single_detached,0
345,1698,2021-2025,total,0
346,1698,2021-2025,apartments,0
347,1698,2021-2025,mobile,0
348,1698,2021-2025,single_attached,0
349,1698,2021-2025,single_detached,0
350,1765,0-2025,total,12230
351,1765,0-2025,apartments,5193
352,1765,0-2025,mobile,30
353,1765,0-2025,single_attached,834
354,1765,0-2025,single_detached,6173
355,1765,1608-1920,total,12230
356,1765,1608-1920,apartments,5193
357,1765,1608-1920,mobile,30
358,1765,1608-1920,single_attached,834
359,1765,1608-1920,single_detached,6173
360,1765,1921-1945,total,0
361,1765,1921-1945,apartments,0
362,1765,1921-1945,mobile,0
363,1765,1921-1945,single_attached,0
364,1765,1921-1945,single_detached,0
365,1765,1946-1960,total,0
366,1765,1946-1960,apartments,0
367,1765,1946-1960,mobile,0
368,1765,1946-1960,single_attached,0
369,1765,1946-1960,single_detached,0
370,1765,1961-1970,total,0
371,1765,1961-1970,apartments,0
372,1765,1961-1970,mobile,0
373,1765,1961-1970,single_attached,0
374,1765,1961-1970,single_detached,0
375,1765,1971-1980,total,0
376,1765,1971-1980,apartments,0
377,1765,1971-1980,mobile,0
378,1765,1971-1980,single_attached,0
379,1765,1971-1980,single_detached,0
380,1765,1981-1990,total,0
381,1765,1981-1990,apartments,0
382,1765,1981-1990,mobile,0
383,1765,1981-1990,single_attached,0
384,1765,1981-1990,single_detached,0
385,1765,1991-1995,total,0
386,1765,1991-1995,apartments,0
387,1765,1991-1995,mobile,0
388,1765,1991-1995,single_attached,0
389,1765,1991-1995,single_detached,0
390,1765,1996-2000,total,0
391,1765,1996-2000,apartments,0
392,1765,1996-2000,mobile,0
393,1765,1996-2000,single_attached,0
394,1765,1996-2000,single_detached,0
395,1765,2001-2005,total,0
396,1765,2001-2005,apartments,0
397,1765,2001-2005,mobile,0
398,1765,2001-2005,single_attached,0
399,1765,2001-2005,single_detached,0
400,1765,2006-2010,total,0
401,1765,2006-2010,apartments,0
402,1765,2006-2010,mobile,0
403,1765,2006-2010,single_attached,0
404,1765,2006-2010,single_detached,0
405,1765,2011-2015,total,0
406,1765,2011-2015,apartments,0
407,1765,2011-2015,mobile,0
408,1765,2011-2015,single_attached,0
409,1765,2011-2015,single_detached,0
410,1765,2016-2020,total,0
411,1765,2016-2020,apartments,0
412,1765,2016-2020,mobile,0
413,1765,2016-2020,single_attached,0
414,1765,2016-2020,single_detached,0
415,1765,2021-2025,total,0
416,1765,2021-2025,apartments,0
417,1765,2021-2025,mobile,0
418,1765,2021-2025,single_attached,0
419,1765,2021-2025,single_detached,0
420,1784,0-2025,total,18924
421,1784,0-2025,apartments,8036
422,1784,0-2025,mobile,46
423,1784,0-2025,single_attached,1290
424,1784,0-2025,single_detached,9552
425,1784,1608-1920,total,18924
426,1784,1608-1920,apartments,8036
427,1784,1608-1920,mobile,46
428,1784,1608-1920,single_attached,1290
429,1784,1608-1920,single_detached,9552
430,1784,1921-1945,total,0
431,1784,1921-1945,apartments,0
432,1784,1921-1945,mobile,0
433,1784,1921-1945,single_attached,0
434,1784,1921-1945,single_detached,0
435,1784,1946-1960,total,0
436,1784,1946-1960,apartments,0
437,1784,1946-1960,mobile,0
438,1784,1946-1960,single_attached,0
439,1784,1946-1960,single_detached,0
440,1784,1961-1970,total,0
441,1784,1961-1970,apartments,0
442,1784,1961-1970,mobile,0
443,1784,1961-1970,single_attached,0
444,1784,1961-1970,single_detached,0
445,1784,1971-1980,total,0
446,1784,1971-1980,apartments,0
447,1784,1971-1980,mobile,0
448,1784,1971-1980,single_attached,0
449,1784,1971-1980,single_detached,0
450,1784,1981-1990,total,0
451,1784,1981-1990,apartments,0
452,1784,1981-1990,mobile,0
453,1784,1981-1990,single_attached,0
454,1784,1981-1990,single_detached,0
455,1784,1991-1995,total,0
456,1784,1991-1995,apartments,0
457,1784,1991-1995,mobile,0
458,1784,1991-1995,single_attached,0
459,1784,1991-1995,single_detached,0
460,1784,1996-2000,total,0
461,1784,1996-2000,apartments,0
462,1784,1996-2000,mobile,0
463,1784,1996-2000,single_attached,0
464,1784,1996-2000,single_detached,0
465,1784,2001-2005,total,0
466,1784,2001-2005,apartments,0
467,1784,2001-2005,mobile,0
468,1784,2001-2005,single_attached,0
469,1784,2001-2005,single_detached,0
470,1784,2006-2010,total,0
471,1784,2006-2010,apartments,0
472,1784,2006-2010,mobile,0
473,1784,2006-2010,single_attached,0
474,1784,2006-2010,single_detached,0
475,1784,2011-2015,total,0
476,1784,2011-2015,apartments,0
477,1784,2011-2015,mobile,0
478,1784,2011-2015,single_attached,0
479,1784,2011-2015,single_detached,0
480,1784,2016-2020,total,0
481,1784,2016-2020,apartments,0
482,1784,2016-2020,mobile,0
483,1784,2016-2020,single_attached,0
484,1784,2016-2020,single_detached,0
485,1784,2021-2025,total,0
486,1784,2021-2025,apartments,0
487,1784,2021-2025,mobile,0
488,1784,2021-2025,single_attached,0
489,1784,2021-2025,single_detached,0
490,1831,0-2025,total,82437
491,1831,0-2025,apartments,35005
492,1831,0-2025,mobile,202
493,1831,0-2025,single_attached,5618
494,1831,0-2025,single_detached,41612
495,1831,1608-1920,total,82437
496,1831,1608-1920,apartments,35005
497,1831,1608-1920,mobile,202
498,1831,1608-1920,single_attached,5618
499,1831,1608-1920,single_detached,41612
500,1831,1921-1945,total,0
501,1831,1921-1945,apartments,0
502,1831,1921-1945,mobile,0
503,1831,1921-1945,single_attached,0
504,1831,1921-1945,single_detached,0
505,1831,1946-1960,total,0
506,1831,1946-1960,apartments,0
507,1831,1946-1960,mobile,0
508,1831,1946-1960,single_attached,0
509,1831,1946-1960,single_detached,0
510,1831,1961-1970,total,0
511,1831,1961-1970,apartments,0
512,1831,1961-1970,mobile,0
513,1831,1961-1970,single_attached,0
514,1831,1961-1970,single_detached,0
515,1831,1971-1980,total,0
516,1831,1971-1980,apartments,0
517,1831,1971-1980,mobile,0
518,1831,1971-1980,single_attached,0
519,1831,1971-1980,single_detached,0
520,1831,1981-1990,total,0
521,1831,1981-1990,apartments,0
522,1831,1981-1990,mobile,0
523,1831,1981-1990,single_attached,0
524,1831,1981-1990,single_detached,0
525,1831,1991-1995,total,0
526,1831,1991-1995,apartments,0
527,1831,1991-1995,mobile,0
528,1831,1991-1995,single_attached,0
529,1831,1991-1995,single_detached,0
530,1831,1996-2000,total,0
531,1831,1996-2000,apartments,0
532,1831,1996-2000,mobile,0
533,1831,1996-2000,single_attached,0
534,1831,1996-2000,single_detached,0
535,1831,2001-2005,total,0
536,1831,2001-2005,apartments,0
537,1831,2001-2005,mobile,0
538,1831,2001-2005,single_attached,0
539,1831,2001-2005,single_detached,0
540,1831,2006-2010,total,0
541,1831,2006-2010,apartments,0
542,1831,2006-2010,mobile,0
543,1831,2006-2010,single_attached,0
544,1831,2006-2010,single_detached,0
545,1831,2011-2015,total,0
546,1831,2011-2015,apartments,0
547,1831,2011-2015,mobile,0
548,1831,2011-2015,single_attached,0
549,1831,2011-2015,single_detached,0
550,1831,2016-2020,total,0
551,1831,2016-2020,apartments,0
552,1831,2016-2020,mobile,0
553,1831,2016-2020,single_attached,0
554,1831,2016-2020,single_detached,0
555,1831,2021-2025,total,0
556,1831,2021-2025,apartments,0
557,1831,2021-2025,mobile,0
558,1831,2021-2025,single_attached,0
559,1831,2021-2025,single_detached,0
560,1844,0-2025,total,108749
561,1844,0-2025,apartments,46178
562,1844,0-2025,mobile,266
563,1844,0-2025,single_attached,7411
564,1844,0-2025,single_detached,54894
565,1844,1608-1920,total,108749
566,1844,1608-1920,apartments,46178
567,1844,1608-1920,mobile,266
568,1844,1608-1920,single_attached,7411
569,1844,1608-1920,single_detached,54894
570,1844,1921-1945,total,0
571,1844,1921-1945,apartments,0
572,1844,1921-1945,mobile,0
573,1844,1921-1945,single_attached,0
574,1844,1921-1945,single_detached,0
575,1844,1946-1960,total,0
576,1844,1946-1960,apartments,0
577,1844,1946-1960,mobile,0
578,1844,1946-1960,single_attached,0
579,1844,1946-1960,single_detached,0
580,1844,1961-1970,total,0
581,1844,1961-1970,apartments,0
582,1844,1961-1970,mobile,0
583,1844,1961-1970,single_attached,0
584,1844,1961-1970,single_detached,0
585,1844,1971-1980,total,0
586,1844,1971-1980,apartments,0
587,1844,1971-1980,mobile,0
588,1844,1971-1980,single_attached,0
589,1844,1971-1980,single_detached,0
590,1844,1981-1990,total,0
591,1844,1981-1990,apartments,0
592,1844,1981-1990,mobile,0
593,1844,1981-1990,single_attached,0
594,1844,1981-1990,single_detached,0
595,1844,1991-1995,total,0
596,1844,1991-1995,apartments,0
597,1844,1991-1995,mobile,0
598,1844,1991-1995,single_attached,0
599,1844,1991-1995,single_detached,0
600,1844,1996-2000,total,0
601,1844,1996-2000,apartments,0
602,1844,1996-2000,mobile,0
603,1844,1996-2000,single_attached,0
604,1844,1996-2000,single_detached,0
605,1844,2001-2005,total,0
606,1844,2001-2005,apartments,0
607,1844,2001-2005,mobile,0
608,1844,2001-2005,single_attached,0
609,1844,2001-2005,single_detached,0
610,1844,2006-2010,total,0
611,1844,2006-2010,apartments,0
612,1844,2006-2010,mobile,0
613,1844,2006-2010,single_attached,0
614,1844,2006-2010,single_detached,0
615,1844,2011-2015,total,0
616,1844,2011-2015,apartments,0
617,1844,2011-2015,mobile,0
618,1844,2011-2015,single_attached,0
619,1844,2011-2015,single_detached,0
620,1844,2016-2020,total,0
621,1844,2016-2020,apartments,0
622,1844,2016-2020,mobile,0
623,1844,2016-2020,single_attached,0
624,1844,2016-2020,single_detached,0
625,1844,2021-2025,total,0
626,1844,2021-2025,apartments,0
627,1844,2021-2025,mobile,0
628,1844,2021-2025,single_attached,0
629,1844,2021-2025,single_detached,0
630,1851,0-2025,total,121961
631,1851,0-2025,apartments,51788
632,1851,0-2025,mobile,299
633,1851,0-2025,single_attached,8311
634,1851,0-2025,single_detached,61563
635,1851,1608-1920,total,121961
636,1851,1608-1920,apartments,51788
637,1851,1608-1920,mobile,299
638,1851,1608-1920,single_attached,8311
639,1851,1608-1920,single_detached,61563
640,1851,1921-1945,total,0
641,1851,1921-1945,apartments,0
642,1851,1921-1945,mobile,0
643,1851,1921-1945,single_attached,0
644,1851,1921-1945,single_detached,0
645,1851,1946-1960,total,0
646,1851,1946-1960,apartments,0
647,1851,1946-1960,mobile,0
648,1851,1946-1960,single_attached,0
649,1851,1946-1960,single_detached,0
650,1851,1961-1970,total,0
651,1851,1961-1970,apartments,0
652,1851,1961-1970,mobile,0
653,1851,1961-1970,single_attached,0
654,1851,1961-1970,single_detached,0
655,1851,1971-1980,total,0
656,1851,1971-1980,apartments,0
657,1851,1971-1980,mobile,0
658,1851,1971-1980,single_attached,0
659,1851,1971-1980,single_detached,0
660,1851,1981-1990,total,0
661,1851,1981-1990,apartments,0
662,1851,1981-1990,mobile,0
663,1851,1981-1990,single_attached,0
664,1851,1981-1990,single_detached,0
665,1851,1991-1995,total,0
666,1851,1991-1995,apartments,0
667,1851,1991-1995,mobile,0
668,1851,1991-1995,single_attached,0
669,1851,1991-1995,single_detached,0
670,1851,1996-2000,total,0
671,1851,1996-2000,apartments,0
672,1851,1996-2000,mobile,0
673,1851,1996-2000,single_attached,0
674,1851,1996-2000,single_detached,0
675,1851,2001-2005,total,0
676,1851,2001-2005,apartments,0
677,1851,2001-2005,mobile,0
678,1851,2001-2005,single_attached,0
679,1851,2001-2005,single_detached,0
680,1851,2006-2010,total,0
681,1851,2006-2010,apartments,0
682,1851,2006-2010,mobile,0
683,1851,2006-2010,single_attached,0
684,1851,2006-2010,single_detached,0
685,1851,2011-2015,total,0
686,1851,2011-2015,apartments,0
687,1851,2011-2015,mobile,0
688,1851,2011-2015,single_attached,0
689,1851,2011-2015,single_detached,0
690,1851,2016-2020,total,0
691,1851,2016-2020,apartments,0
692,1851,2016-2020,mobile,0
693,1851,2016-2020,single_attached,0
694,1851,2016-2020,single_detached,0
695,1851,2021-2025,total,0
696,1851,2021-2025,apartments,0
697,1851,2021-2025,mobile,0
698,1851,2021-2025,single_attached,0
699,1851,2021-2025,single_detached,0
700,1861,0-2025,total,155088
701,1861,0-2025,apartments,65855
702,1861,0-2025,mobile,380
703,1861,0-2025,single_attached,10569
704,1861,0-2025,single_detached,78284
705,1861,1608-1920,total,155088
706,1861,1608-1920,apartments,65855
707,1861,1608-1920,mobile,380
708,1861,1608-1920,single_attached,10569
709,1861,1608-1920,single_detached,78284
710,1861,1921-1945,total,0
711,1861,1921-1945,apartments,0
712,1861,1921-1945,mobile,0
713,1861,1921-1945,single_attached,0
714,1861,1921-1945,single_detached,0
715,1861,1946-1960,total,0
716,1861,1946-1960,apartments,0
717,1861,1946-1960,mobile,0
718,1861,1946-1960,single_attached,0
719,1861,1946-1960,single_detached,0
720,1861,1961-1970,total,0
721,1861,1961-1970,apartments,0
722,1861,1961-1970,mobile,0
723,1861,1961-1970,single_attached,0
724,1861,1961-1970,single_detached,0
725,1861,1971-1980,total,0
726,1861,1971-1980,apartments,0
727,1861,1971-1980,mobile,0
728,1861,1971-1980,single_attached,0
729,1861,1971-1980,single_detached,0
730,1861,1981-1990,total,0
731,1861,1981-1990,apartments,0
732,1861,1981-1990,mobile,0
733,1861,1981-1990,single_attached,0
734,1861,1981-1990,single_detached,0
735,1861,1991-1995,total,0
736,1861,1991-1995,apartments,0
737,1861,1991-1995,mobile,0
738,1861,1991-1995,single_attached,0
739,1861,1991-1995,single_detached,0
740,1861,1996-2000,total,0
741,1861,1996-2000,apartments,0
742,1861,1996-2000,mobile,0
743,1861,1996-2000,single_attached,0
744,1861,1996-2000,single_detached,0
745,1861,2001-2005,total,0
746,1861,2001-2005,apartments,0
747,1861,2001-2005,mobile,0
748,1861,2001-2005,single_attached,0
749,1861,2001-2005,single_detached,0
750,1861,2006-2010,total,0
751,1861,2006-2010,apartments,0
752,1861,2006-2010,mobile,0
753,1861,2006-2010,single_attached,0
754,1861,2006-2010,single_detached,0
755,1861,2011-2015,total,0
756,1861,2011-2015,apartments,0
757,1861,2011-2015,mobile,0
758,1861,2011-2015,single_attached,0
759,1861,2011-2015,single_detached,0
760,1861,2016-2020,total,0
761,1861,2016-2020,apartments,0
762,1861,2016-2020,mobile,0
763,1861,2016-2020,single_attached,0
764,1861,2016-2020,single_detached,0
765,1861,2021-2025,total,0
766,1861,2021-2025,apartments,0
767,1861,2021-2025,mobile,0
768,1861,2021-2025,single_attached,0
769,1861,2021-2025,single_detached,0
770,1871,0-2025,total,180115
771,1871,0-2025,apartments,76482
772,1871,0-2025,mobile,441
773,1871,0-2025,single_attached,12274
774,1871,0-2025,single_detached,90918
775,1871,1608-1920,total,180115
776,1871,1608-1920,apartments,76482
777,1871,1608-1920,mobile,441
778,1871,1608-1920,single_attached,12274
779,1871,1608-1920,single_detached,90918
780,1871,1921-1945,total,0
781,1871,1921-1945,apartments,0
782,1871,1921-1945,mobile,0
783,1871,1921-1945,single_attached,0
784,1871,1921-1945,single_detached,0
785,1871,1946-1960,total,0
786,1871,1946-1960,apartments,0
787,1871,1946-1960,mobile,0
788,1871,1946-1960,single_attached,0
789,1871,1946-1960,single_detached,0
790,1871,1961-1970,total,0
791,1871,1961-1970,apartments,0
792,1871,1961-1970,mobile,0
793,1871,1961-1970,single_attached,0
794,1871,1961-1970,single_detached,0
795,1871,1971-1980,total,0
796,1871,1971-1980,apartments,0
797,1871,1971-1980,mobile,0
798,1871,1971-1980,single_attached,0
799,1871,1971-1980,single_detached,0
800,1871,1981-1990,total,0
801,1871,1981-1990,apartments,0
802,1871,1981-1990,mobile,0
803,1871,1981-1990,single_attached,0
804,1871,1981-1990,single_detached,0
805,1871,1991-1995,total,0
806,1871,1991-1995,apartments,0
807,1871,1991-1995,mobile,0
808,1871,1991-1995,single_attached,0
809,1871,1991-1995,single_detached,0
810,1871,1996-2000,total,0
811,1871,1996-2000,apartments,0
812,1871,1996-2000,mobile,0
813,1871,1996-2000,single_attached,0
814,1871,1996-2000,single_detached,0
815,1871,2001-2005,total,0
816,1871,2001-2005,apartments,0
817,1871,2001-2005,mobile,0
818,1871,2001-2005,single_attached,0
819,1871,2001-2005,single_detached,0
820,1871,2006-2010,total,0
821,1871,2006-2010,apartments,0
822,1871,2006-2010,mobile,0
823,1871,2006-2010,single_attached,0
824,1871,2006-2010,single_detached,0
825,1871,2011-2015,total,0
826,1871,2011-2015,apartments,0
827,1871,2011-2015,mobile,0
828,1871,2011-2015,single_attached,0
829,1871,2011-2015,single_detached,0
830,1871,2016-2020,total,0
831,1871,2016-2020,apartments,0
832,1871,2016-2020,mobile,0
833,1871,2016-2020,single_attached,0
834,1871,2016-2020,single_detached,0
835,1871,2021-2025,total,0
836,1871,2021-2025,apartments,0
837,1871,2021-2025,mobile,0
838,1871,2021-2025,single_attached,0
839,1871,2021-2025,single_detached,0
840,1881,0-2025,total,216432
841,1881,0-2025,apartments,91903
842,1881,0-2025,mobile,530
843,1881,0-2025,single_attached,14749
844,1881,0-2025,single_detached,109250
845,1881,1608-1920,total,216432
846,1881,1608-1920,apartments,91903
847,1881,1608-1920,mobile,530
848,1881,1608-1920,single_attached,14749
849,1881,1608-1920,single_detached,109250
850,1881,1921-1945,total,0
851,1881,1921-1945,apartments,0
852,1881,1921-1945,mobile,0
853,1881,1921-1945,single_attached,0
854,1881,1921-1945,single_detached,0
855,1881,1946-1960,total,0
856,1881,1946-1960,apartments,0
857,1881,1946-1960,mobile,0
858,1881,1946-1960,single_attached,0
859,1881,1946-1960,single_detached,0
860,1881,1961-1970,total,0
861,1881,1961-1970,apartments,0
862,1881,1961-1970,mobile,0
863,1881,1961-1970,single_attached,0
864,1881,1961-1970,single_detached,0
865,1881,1971-1980,total,0
866,1881,1971-1980,apartments,0
867,1881,1971-1980,mobile,0
868,1881,1971-1980,single_attached,0
869,1881,1971-1980,single_detached,0
870,1881,1981-1990,total,0
871,1881,1981-1990,apartments,0
872,1881,1981-1990,mobile,0
873,1881,1981-1990,single_attached,0
874,1881,1981-1990,single_detached,0
875,1881,1991-1995,total,0
876,1881,1991-1995,apartments,0
877,1881,1991-1995,mobile,0
878,1881,1991-1995,single_attached,0
879,1881,1991-1995,single_detached,0
880,1881,1996-2000,total,0
881,1881,1996-2000,apartments,0
882,1881,1996-2000,mobile,0
883,1881,1996-2000,single_attached,0
884,1881,1996-2000,single_detached,0
885,1881,2001-2005,total,0
886,1881,2001-2005,apartments,0
887,1881,2001-2005,mobile,0
888,1881,2001-2005,single_attached,0
889,1881,2001-2005,single_detached,0
890,1881,2006-2010,total,0
891,1881,2006-2010,apartments,0
892,1881,2006-2010,mobile,0
893,1881,2006-2010,single_attached,0
894,1881,2006-2010,single_detached,0
895,1881,2011-2015,total,0
896,1881,2011-2015,apartments,0
897,1881,2011-2015,mobile,0
898,1881,2011-2015,single_attached,0
899,1881,2011-2015,single_detached,0
900,1881,2016-2020,total,0
901,1881,2016-2020,apartments,0
902,1881,2016-2020,mobile,0
903,1881,2016-2020,single_attached,0
904,1881,2016-2020,single_detached,0
905,1881,2021-2025,total,0
906,1881,2021-2025,apartments,0
907,1881,2021-2025,mobile,0
908,1881,2021-2025,single_attached,0
909,1881,2021-2025,single_detached,0
910,1891,0-2025,total,246644
911,1891,0-2025,apartments,104732
912,1891,0-2025,mobile,604
913,1891,0-2025,single_attached,16808
914,1891,0-2025,single_detached,124500
915,1891,1608-1920,total,246644
916,1891,1608-1920,apartments,104732
917,1891,1608-1920,mobile,604
918,1891,1608-1920,single_attached,16808
919,1891,1608-1920,single_detached,124500
920,1891,1921-1945,total,0
921,1891,1921-1945,apartments,0
922,1891,1921-1945,mobile,0
923,1891,1921-1945,single_attached,0
924,1891,1921-1945,single_detached,0
925,1891,1946-1960,total,0
926,1891,1946-1960,apartments,0
927,1891,1946-1960,mobile,0
928,1891,1946-1960,single_attached,0
929,1891,1946-1960,single_detached,0
930,1891,1961-1970,total,0
931,1891,1961-1970,apartments,0
932,1891,1961-1970,mobile,0
933,1891,1961-1970,single_attached,0
934,1891,1961-1970,single_detached,0
935,1891,1971-1980,total,0
936,1891,1971-1980,apartments,0
937,1891,1971-1980,mobile,0
938,1891,1971-1980,single_attached,0
939,1891,1971-1980,single_detached,0
940,1891,1981-1990,total,0
941,1891,1981-1990,apartments,0
942,1891,1981-1990,mobile,0
943,1891,1981-1990,single_attached,0
944,1891,1981-1990,single_detached,0
945,1891,1991-1995,total,0
946,1891,1991-1995,apartments,0
947,1891,1991-1995,mobile,0
948,1891,1991-1995,single_attached,0
949,1891,1991-1995,single_detached,0
950,1891,1996-2000,total,0
951,1891,1996-2000,apartments,0
952,1891,1996-2000,mobile,0
953,1891,1996-2000,single_attached,0
954,1891,1996-2000,single_detached,0
955,1891,2001-2005,total,0
956,1891,2001-2005,apartments,0
957,1891,2001-2005,mobile,0
958,1891,2001-2005,single_attached,0
959,1891,2001-2005,single_detached,0
960,1891,2006-2010,total,0
961,1891,2006-2010,apartments,0
962,1891,2006-2010,mobile,0
963,1891,2006-2010,single_attached,0
964,1891,2006-2010,single_detached,0
965,1891,2011-2015,total,0
966,1891,2011-2015,apartments,0
967,1891,2011-2015,mobile,0
968,1891,2011-2015,single_attached,0
969,1891,2011-2015,single_detached,0
970,1891,2016-2020,total,0
971,1891,2016-2020,apartments,0
972,1891,2016-2020,mobile,0
973,1891,2016-2020,single_attached,0
974,1891,2016-2020,single_detached,0
975,1891,2021-2025,total,0
976,1891,2021-2025,apartments,0
977,1891,2021-2025,mobile,0
978,1891,2021-2025,single_attached,0
979,1891,2021-2025,single_detached,0
980,1901,0-2025,total,291427
981,1901,0-2025,apartments,123748
982,1901,0-2025,mobile,714
983,1901,0-2025,single_attached,19860
984,1901,0-2025,single_detached,147105
985,1901,1608-1920,total,291427
986,1901,1608-1920,apartments,123748
987,1901,1608-1920,mobile,714
988,1901,1608-1920,single_attached,19860
989,1901,1608-1920,single_detached,147105
990,1901,1921-1945,total,0
991,1901,1921-1945,apartments,0
992,1901,1921-1945,mobile,0
993,1901,1921-1945,single_attached,0
994,1901,1921-1945,single_detached,0
995,1901,1946-1960,total,0
996,1901,1946-1960,apartments,0
997,1901,1946-1960,mobile,0
998,1901,1946-1960,single_attached,0
999,1901,1946-1960,single_detached,0
1000,1901,1961-1970,total,0
1001,1901,1961-1970,apartments,0
1002,1901,1961-1970,mobile,0
1003,1901,1961-1970,single_attached,0
1004,1901,1961-1970,single_detached,0
1005,1901,1971-1980,total,0
1006,1901,1971-1980,apartments,0
1007,1901,1971-1980,mobile,0
1008,1901,1971-1980,single_attached,0
1009,1901,1971-1980,single_detached,0
1010,1901,1981-1990,total,0
1011,1901,1981-1990,apartments,0
1012,1901,1981-1990,mobile,0
1013,1901,1981-1990,single_attached,0
1014,1901,1981-1990,single_detached,0
1015,1901,1991-1995,total,0
1016,1901,1991-1995,apartments,0
1017,1901,1991-1995,mobile,0
1018,1901,1991-1995,single_attached,0
1019,1901,1991-1995,single_detached,0
1020,1901,1996-2000,total,0
1021,1901,1996-2000,apartments,0
1022,1901,1996-2000,mobile,0
1023,1901,1996-2000,single_attached,0
1024,1901,1996-2000,single_detached,0
1025,1901,2001-2005,total,0
1026,1901,2001-2005,apartments,0
1027,1901,2001-2005,mobile,0
1028,1901,2001-2005,single_attached,0
1029,1901,2001-2005,single_detached,0
1030,1901,2006-2010,total,0
1031,1901,2006-2010,apartments,0
1032,1901,2006-2010,mobile,0
1033,1901,2006-2010,single_attached,0
1034,1901,2006-2010,single_detached,0
1035,1901,2011-2015,total,0
1036,1901,2011-2015,apartments,0
1037,1901,2011-2015,mobile,0
1038,1901,2011-2015,single_attached,0
1039,1901,2011-2015,single_detached,0
1040,1901,2016-2020,total,0
1041,1901,2016-2020,apartments,0
1042,1901,2016-2020,mobile,0
1043,1901,2016-2020,single_attached,0
1044,1901,2016-2020,single_detached,0
1045,1901,2021-2025,total,0
1046,1901,2021-2025,apartments,0
1047,1901,2021-2025,mobile,0
1048,1901,2021-2025,single_attached,0
1049,1901,2021-2025,single_detached,0
1050,1911,0-2025,total,340196
1051,1911,0-2025,apartments,144457
1052,1911,0-2025,mobile,833
1053,1911,0-2025,single_attached,23183
1054,1911,0-2025,single_detached,171723
1055,1911,1608-1920,total,340196
1056,1911,1608-1920,apartments,144457
1057,1911,1608-1920,mobile,833
1058,1911,1608-1920,single_attached,23183
1059,1911,1608-1920,single_detached,171723
1060,1911,1921-1945,total,0
1061,1911,1921-1945,apartments,0
1062,1911,1921-1945,mobile,0
1063,1911,1921-1945,single_attached,0
1064,1911,1921-1945,single_detached,0
1065,1911,1946-1960,total,0
1066,1911,1946-1960,apartments,0
1067,1911,1946-1960,mobile,0
1068,1911,1946-1960,single_attached,0
1069,1911,1946-1960,single_detached,0
1070,1911,1961-1970,total,0
1071,1911,1961-1970,apartments,0
1072,1911,1961-1970,mobile,0
1073,1911,1961-1970,single_attached,0
1074,1911,1961-1970,single_detached,0
1075,1911,1971-1980,total,0
1076,1911,1971-1980,apartments,0
1077,1911,1971-1980,mobile,0
1078,1911,1971-1980,single_attached,0
1079,1911,1971-1980,single_detached,0
1080,1911,1981-1990,total,0
1081,1911,1981-1990,apartments,0
1082,1911,1981-1990,mobile,0
1083,1911,1981-1990,single_attached,0
1084,1911,1981-1990,single_detached,0
1085,1911,1991-1995,total,0
1086,1911,1991-1995,apartments,0
1087,1911,1991-1995,mobile,0
1088,1911,1991-1995,single_attached,0
1089,1911,1991-1995,single_detached,0
1090,1911,1996-2000,total,0
1091,1911,1996-2000,apartments,0
1092,1911,1996-2000,mobile,0
1093,1911,1996-2000,single_attached,0
1094,1911,1996-2000,single_detached,0
1095,1911,2001-2005,total,0
1096,1911,2001-2005,apartments,0
1097,1911,2001-2005,mobile,0
1098,1911,2001-2005,single_attached,0
1099,1911,2001-2005,single_detached,0
1100,1911,2006-2010,total,0
1101,1911,2006-2010,apartments,0
1102,1911,2006-2010,mobile,0
1103,1911,2006-2010,single_attached,0
1104,1911,2006-2010,single_detached,0
1105,1911,2011-2015,total,0
1106,1911,2011-2015,apartments,0
1107,1911,2011-2015,mobile,0
1108,1911,2011-2015,single_attached,0
1109,1911,2011-2015,single_detached,0
1110,1911,2016-2020,total,0
1111,1911,2016-2020,apartments,0
1112,1911,2016-2020,mobile,0
1113,1911,2016-2020,single_attached,0
1114,1911,2016-2020,single_detached,0
1115,1911,2021-2025,total,0
1116,1911,2021-2025,apartments,0
1117,1911,2021-2025,mobile,0
1118,1911,2021-2025,single_attached,0
1119,1911,2021-2025,single_detached,0
1120,1921,0-2025,total,398267
1121,1921,0-2025,apartments,169115
1122,1921,0-2025,mobile,976
1123,1921,0-2025,single_attached,27140
1124,1921,0-2025,single_detached,201036
1125,1921,1608-1920,total,387708
1126,1921,1608-1920,apartments,164098
1127,1921,1608-1920,mobile,814
1128,1921,1608-1920,single_attached,26565
1129,1921,1608-1920,single_detached,196229
1130,1921,1921-1945,total,10559
1131,1921,1921-1945,apartments,5016
1132,1921,1921-1945,mobile,161
1133,1921,1921-1945,single_attached,574
1134,1921,1921-1945,single_detached,4806
1135,1921,1946-1960,total,0
1136,1921,1946-1960,apartments,0
1137,1921,1946-1960,mobile,0
1138,1921,1946-1960,single_attached,0
1139,1921,1946-1960,single_detached,0
1140,1921,1961-1970,total,0
1141,1921,1961-1970,apartments,0
1142,1921,1961-1970,mobile,0
1143,1921,1961-1970,single_attached,0
1144,1921,1961-1970,single_detached,0
1145,1921,1971-1980,total,0
1146,1921,1971-1980,apartments,0
1147,1921,1971-1980,mobile,0
1148,1921,1971-1980,single_attached,0
1149,1921,1971-1980,single_detached,0
1150,1921,1981-1990,total,0
1151,1921,1981-1990,apartments,0
1152,1921,1981-1990,mobile,0
1153,1921,1981-1990,single_attached,0
1154,1921,1981-1990,single_detached,0
1155,1921,1991-1995,total,0
1156,1921,1991-1995,apartments,0
1157,1921,1991-1995,mobile,0
1158,1921,1991-1995,single_attached,0
1159,1921,1991-1995,single_detached,0
1160,1921,1996-2000,total,0
1161,1921,1996-2000,apartments,0
1162,1921,1996-2000,mobile,0
1163,1921,1996-2000,single_attached,0
1164,1921,1996-2000,single_detached,0
1165,1921,2001-2005,total,0
1166,1921,2001-2005,apartments,0
1167,1921,2001-2005,mobile,0
1168,1921,2001-2005,single_attached,0
1169,1921,2001-2005,single_detached,0
1170,1921,2006-2010,total,0
1171,1921,2006-2010,apartments,0
1172,1921,2006-2010,mobile,0
1173,1921,2006-2010,single_attached,0
1174,1921,2006-2010,single_detached,0
1175,1921,2011-2015,total,0
1176,1921,2011-2015,apartments,0
1177,1921,2011-2015,mobile,0
1178,1921,2011-2015,single_attached,0
1179,1921,2011-2015,single_detached,0
1180,1921,2016-2020,total,0
1181,1921,2016-2020,apartments,0
1182,1921,2016-2020,mobile,0
1183,1921,2016-2020,single_attached,0
1184,1921,2016-2020,single_detached,0
1185,1921,2021-2025,total,0
1186,1921,2021-2025,apartments,0
1187,1921,2021-2025,mobile,0
1188,1921,2021-2025,single_attached,0
1189,1921,2021-2025,single_detached,0
1190,1931,0-2025,total,536383
1191,1931,0-2025,apartments,227763
1192,1931,0-2025,mobile,1314
1193,1931,0-2025,single_attached,36553
1194,1931,0-2025,single_detached,270753
1195,1931,1608-1920,total,412720
1196,1931,1608-1920,apartments,170012
1197,1931,1608-1920,mobile,410
1198,1931,1608-1920,single_attached,29473
1199,1931,1608-1920,single_detached,212822
1200,1931,1921-1945,total,123663
1201,1931,1921-1945,apartments,57750
1202,1931,1921-1945,mobile,903
1203,1931,1921-1945,single_attached,7079
1204,1931,1921-1945,single_detached,57930
1205,1931,1946-1960,total,0
1206,1931,1946-1960,apartments,0
1207,1931,1946-1960,mobile,0
1208,1931,1946-1960,single_attached,0
1209,1931,1946-1960,single_detached,0
1210,1931,1961-1970,total,0
1211,1931,1961-1970,apartments,0
1212,1931,1961-1970,mobile,0
1213,1931,1961-1970,single_attached,0
1214,1931,1961-1970,single_detached,0
1215,1931,1971-1980,total,0
1216,1931,1971-1980,apartments,0
1217,1931,1971-1980,mobile,0
1218,1931,1971-1980,single_attached,0
1219,1931,1971-1980,single_detached,0
1220,1931,1981-1990,total,0
1221,1931,1981-1990,apartments,0
1222,1931,1981-1990,mobile,0
1223,1931,1981-1990,single_attached,0
1224,1931,1981-1990,single_detached,0
1225,1931,1991-1995,total,0
1226,1931,1991-1995,apartments,0
1227,1931,1991-1995,mobile,0
1228,1931,1991-1995,single_attached,0
1229,1931,1991-1995,single_detached,0
1230,1931,1996-2000,total,0
1231,1931,1996-2000,apartments,0
1232,1931,1996-2000,mobile,0
1233,1931,1996-2000,single_attached,0
1234,1931,1996-2000,single_detached,0
1235,1931,2001-2005,total,0
1236,1931,2001-2005,apartments,0
1237,1931,2001-2005,mobile,0
1238,1931,2001-2005,single_attached,0
1239,1931,2001-2005,single_detached,0
1240,1931,2006-2010,total,0
1241,1931,2006-2010,apartments,0
1242,1931,2006-2010,mobile,0
1243,1931,2006-2010,single_attached,0
1244,1931,2006-2010,single_detached,0
1245,1931,2011-2015,total,0
1246,1931,2011-2015,apartments,0
1247,1931,2011-2015,mobile,0
1248,1931,2011-2015,single_attached,0
1249,1931,2011-2015,single_detached,0
1250,1931,2016-2020,total,0
1251,1931,2016-2020,apartments,0
1252,1931,2016-2020,mobile,0
1253,1931,2016-2020,single_attached,0
1254,1931,2016-2020,single_detached,0
1255,1931,2021-2025,total,0
1256,1931,2021-2025,apartments,0
1257,1931,2021-2025,mobile,0
1258,1931,2021-2025,single_attached,0
1259,1931,2021-2025,single_detached,0
1260,1941,0-2025,total,644529
1261,1941,0-2025,apartments,295985
1262,1941,0-2025,mobile,1305
1263,1941,0-2025,single_attached,49336
1264,1941,0-2025,single_detached,297903
1265,1941,1608-1920,total,410000
1266,1941,1608-1920,apartments,179712
1267,1941,1608-1920,mobile,251
1268,1941,1608-1920,single_attached,33849
1269,1941,1608-1920,single_detached,196187
1270,1941,1921-1945,total,234529
1271,1941,1921-1945,apartments,116272
1272,1941,1921-1945,mobile,1053
1273,1941,1921-1945,single_attached,15486
1274,1941,1921-1945,single_detached,101715
1275,1941,1946-1960,total,0
1276,1941,1946-1960,apartments,0
1277,1941,1946-1960,mobile,0
1278,1941,1946-1960,single_attached,0
1279,1941,1946-1960,single_detached,0
1280,1941,1961-1970,total,0
1281,1941,1961-1970,apartments,0
1282,1941,1961-1970,mobile,0
1283,1941,1961-1970,single_attached,0
1284,1941,1961-1970,single_detached,0
1285,1941,1971-1980,total,0
1286,1941,1971-1980,apartments,0
1287,1941,1971-1980,mobile,0
1288,1941,1971-1980,single_attached,0
1289,1941,1971-1980,single_detached,0
1290,1941,1981-1990,total,0
1291,1941,1981-1990,apartments,0
1292,1941,1981-1990,mobile,0
1293,1941,1981-1990,single_attached,0
1294,1941,1981-1990,single_detached,0
1295,1941,1991-1995,total,0
1296,1941,1991-1995,apartments,0
1297,1941,1991-1995,mobile,0
1298,1941,1991-1995,single_attached,0
1299,1941,1991-1995,single_detached,0
1300,1941,1996-2000,total,0
1301,1941,1996-2000,apartments,0
1302,1941,1996-2000,mobile,0
1303,1941,1996-2000,single_attached,0
1304,1941,1996-2000,single_detached,0
1305,1941,2001-2005,total,0
1306,1941,2001-2005,apartments,0
1307,1941,2001-2005,mobile,0
1308,1941,2001-2005,single_attached,0
1309,1941,2001-2005,single_detached,0
1310,1941,2006-2010,total,0
1311,1941,2006-2010,apartments,0
1312,1941,2006-2010,mobile,0
1313,1941,2006-2010,single_attached,0
1314,1941,2006-2010,single_detached,0
1315,1941,2011-2015,total,0
1316,1941,2011-2015,apartments,0
1317,1941,2011-2015,mobile,0
1318,1941,2011-2015,single_attached,0
1319,1941,2011-2015,single_detached,0
1320,1941,2016-2020,total,0
1321,1941,2016-2020,apartments,0
1322,1941,2016-2020,mobile,0
1323,1941,2016-2020,single_attached,0
1324,1941,2016-2020,single_detached,0
1325,1941,2021-2025,total,0
1326,1941,2021-2025,apartments,0
1327,1941,2021-2025,mobile,0
1328,1941,2021-2025,single_attached,0
1329,1941,2021-2025,single_detached,0
1330,1951,0-2025,total,862599
1331,1951,0-2025,apartments,482401
1332,1951,0-2025,mobile,1302
1333,1951,0-2025,single_attached,36033
1334,1951,0-2025,single_detached,342863
1335,1951,1608-1920,total,361285
1336,1951,1608-1920,apartments,197322
1337,1951,1608-1920,mobile,15
1338,1951,1608-1920,single_attached,18555
1339,1951,1608-1920,single_detached,145392
1340,1951,1921-1945,total,305074
1341,1951,1921-1945,apartments,184063
1342,1951,1921-1945,mobile,90
1343,1951,1921-1945,single_attached,12239
1344,1951,1921-1945,single_detached,108680
1345,1951,1946-1960,total,196240
1346,1951,1946-1960,apartments,101014
1347,1951,1946-1960,mobile,1196
1348,1951,1946-1960,single_attached,5238
1349,1951,1946-1960,single_detached,88790
1350,1951,1961-1970,total,0
1351,1951,1961-1970,apartments,0
1352,1951,1961-1970,mobile,0
1353,1951,1961-1970,single_attached,0
1354,1951,1961-1970,single_detached,0
1355,1951,1971-1980,total,0
1356,1951,1971-1980,apartments,0
1357,1951,1971-1980,mobile,0
1358,1951,1971-1980,single_attached,0
1359,1951,1971-1980,single_detached,0
1360,1951,1981-1990,total,0
1361,1951,1981-1990,apartments,0
1362,1951,1981-1990,mobile,0
1363,1951,1981-1990,single_attached,0
1364,1951,1981-1990,single_detached,0
1365,1951,1991-1995,total,0
1366,1951,1991-1995,apartments,0
1367,1951,1991-1995,mobile,0
1368,1951,1991-1995,single_attached,0
1369,1951,1991-1995,single_detached,0
1370,1951,1996-2000,total,0
1371,1951,1996-2000,apartments,0
1372,1951,1996-2000,mobile,0
1373,1951,1996-2000,single_attached,0
1374,1951,1996-2000,single_detached,0
1375,1951,2001-2005,total,0
1376,1951,2001-2005,apartments,0
1377,1951,2001-2005,mobile,0
1378,1951,2001-2005,single_attached,0
1379,1951,2001-2005,single_detached,0
1380,1951,2006-2010,total,0
1381,1951,2006-2010,apartments,0
1382,1951,2006-2010,mobile,0
1383,1951,2006-2010,single_attached,0
1384,1951,2006-2010,single_detached,0
1385,1951,2011-2015,total,0
1386,1951,2011-2015,apartments,0
1387,1951,2011-2015,mobile,0
1388,1951,2011-2015,single_attached,0
1389,1951,2011-2015,single_detached,0
1390,1951,2016-2020,total,0
1391,1951,2016-2020,apartments,0
1392,1951,2016-2020,mobile,0
1393,1951,2016-2020,single_attached,0
1394,1951,2016-2020,single_detached,0
1395,1951,2021-2025,total,0
1396,1951,2021-2025,apartments,0
1397,1951,2021-2025,mobile,0
1398,1951,2021-2025,single_attached,0
1399,1951,2021-2025,single_detached,0
1400,1956,0-2025,total,1001264
1401,1956,0-2025,apartments,490798
1402,1956,0-2025,mobile,1089
1403,1956,0-2025,single_attached,116293
1404,1956,0-2025,single_detached,393084
1405,1956,1608-1920,total,352527
1406,1956,1608-1920,apartments,166677
1407,1956,1608-1920,mobile,6
1408,1956,1608-1920,single_attached,52349
1409,1956,1608-1920,single_detached,133493
1410,1956,1921-1945,total,297681
1411,1956,1921-1945,apartments,159687
1412,1956,1921-1945,mobile,41
1413,1956,1921-1945,single_attached,35464
1414,1956,1921-1945,single_detached,102487
1415,1956,1946-1960,total,351056
1416,1956,1946-1960,apartments,164432
1417,1956,1946-1960,mobile,1041
1418,1956,1946-1960,single_attached,28478
1419,1956,1946-1960,single_detached,157102
1420,1956,1961-1970,total,0
1421,1956,1961-1970,apartments,0
1422,1956,1961-1970,mobile,0
1423,1956,1961-1970,single_attached,0
1424,1956,1961-1970,single_detached,0
1425,1956,1971-1980,total,0
1426,1956,1971-1980,apartments,0
1427,1956,1971-1980,mobile,0
1428,1956,1971-1980,single_attached,0
1429,1956,1971-1980,single_detached,0
1430,1956,1981-1990,total,0
1431,1956,1981-1990,apartments,0
1432,1956,1981-1990,mobile,0
1433,1956,1981-1990,single_attached,0
1434,1956,1981-1990,single_detached,0
1435,1956,1991-1995,total,0
1436,1956,1991-1995,apartments,0
1437,1956,1991-1995,mobile,0
1438,1956,1991-1995,single_attached,0
1439,1956,1991-1995,single_detached,0
1440,1956,1996-2000,total,0
1441,1956,1996-2000,apartments,0
1442,1956,1996-2000,mobile,0
1443,1956,1996-2000,single_attached,0
1444,1956,1996-2000,single_detached,0
1445,1956,2001-2005,total,0
1446,1956,2001-2005,apartments,0
1447,1956,2001-2005,mobile,0
1448,1956,2001-2005,single_attached,0
1449,1956,2001-2005,single_detached,0
1450,1956,2006-2010,total,0
1451,1956,2006-2010,apartments,0
1452,1956,2006-2010,mobile,0
1453,1956,2006-2010,single_attached,0
1454,1956,2006-2010,single_detached,0
1455,1956,2011-2015,total,0
1456,1956,2011-2015,apartments,0
1457,1956,2011-2015,mobile,0
1458,1956,2011-2015,single_attached,0
1459,1956,2011-2015,single_detached,0
1460,1956,2016-2020,total,0
1461,1956,2016-2020,apartments,0
1462,1956,2016-2020,mobile,0
1463,1956,2016-2020,single_attached,0
1464,1956,2016-2020,single_detached,0
1465,1956,2021-2025,total,0
1466,1956,2021-2025,apartments,0
1467,1956,2021-2025,mobile,0
1468,1956,2021-2025,single_attached,0
1469,1956,2021-2025,single_detached,0
1470,1961,0-2025,total,1191368
1471,1961,0-2025,apartments,583983
1472,1961,0-2025,mobile,1296
1473,1961,0-2025,single_attached,138373
1474,1961,0-2025,single_detached,467716
1475,1961,1608-1920,total,357568
1476,1961,1608-1920,apartments,169841
1477,1961,1608-1920,mobile,4
1478,1961,1608-1920,single_attached,55621
1479,1961,1608-1920,single_detached,132100
1480,1961,1921-1945,total,301937
1481,1961,1921-1945,apartments,162766
1482,1961,1921-1945,mobile,30
1483,1961,1921-1945,single_attached,37692
1484,1961,1921-1945,single_detached,101447
1485,1961,1946-1960,total,517929
1486,1961,1946-1960,apartments,245114
1487,1961,1946-1960,mobile,1122
1488,1961,1946-1960,single_attached,44263
1489,1961,1946-1960,single_detached,227428
1490,1961,1961-1970,total,13934
1491,1961,1961-1970,apartments,6261
1492,1961,1961-1970,mobile,137
1493,1961,1961-1970,single_attached,796
1494,1961,1961-1970,single_detached,6738
1495,1961,1971-1980,total,0
1496,1961,1971-1980,apartments,0
1497,1961,1971-1980,mobile,0
1498,1961,1971-1980,single_attached,0
1499,1961,1971-1980,single_detached,0
1500,1961,1981-1990,total,0
1501,1961,1981-1990,apartments,0
1502,1961,1981-1990,mobile,0
1503,1961,1981-1990,single_attached,0
1504,1961,1981-1990,single_detached,0
1505,1961,1991-1995,total,0
1506,1961,1991-1995,apartments,0
1507,1961,1991-1995,mobile,0
1508,1961,1991-1995,single_attached,0
1509,1961,1991-1995,single_detached,0
1510,1961,1996-2000,total,0
1511,1961,1996-2000,apartments,0
1512,1961,1996-2000,mobile,0
1513,1961,1996-2000,single_attached,0
1514,1961,1996-2000,single_detached,0
1515,1961,2001-2005,total,0
1516,1961,2001-2005,apartments,0
1517,1961,2001-2005,mobile,0
1518,1961,2001-2005,single_attached,0
1519,1961,2001-2005,single_detached,0
1520,1961,2006-2010,total,0
1521,1961,2006-2010,apartments,0
1522,1961,2006-2010,mobile,0
1523,1961,2006-2010,single_attached,0
1524,1961,2006-2010,single_detached,0
1525,1961,2011-2015,total,0
1526,1961,2011-2015,apartments,0
1527,1961,2011-2015,mobile,0
1528,1961,2011-2015,single_attached,0
1529,1961,2011-2015,single_detached,0
1530,1961,2016-2020,total,0
1531,1961,2016-2020,apartments,0
1532,1961,2016-2020,mobile,0
1533,1961,2016-2020,single_attached,0
1534,1961,2016-2020,single_detached,0
1535,1961,2021-2025,total,0
1536,1961,2021-2025,apartments,0
1537,1961,2021-2025,mobile,0
1538,1961,2021-2025,single_attached,0
1539,1961,2021-2025,single_detached,0
1540,1966,0-2025,total,1389115
1541,1966,0-2025,apartments,719343
1542,1966,0-2025,mobile,2989
1543,1966,0-2025,single_attached,117501
1544,1966,0-2025,single_detached,549282
1545,1966,1608-1920,total,319739
1546,1966,1608-1920,apartments,134241
1547,1966,1608-1920,mobile,63
1548,1966,1608-1920,single_attached,43376
1549,1966,1608-1920,single_detached,142058
1550,1966,1921-1945,total,288982
1551,1966,1921-1945,apartments,158605
1552,1966,1921-1945,mobile,45
1553,1966,1921-1945,single_attached,33409
1554,1966,1921-1945,single_detached,96921
1555,1966,1946-1960,total,549932
1556,1966,1946-1960,apartments,292388
1557,1966,1946-1960,mobile,822
1558,1966,1946-1960,single_attached,31613
1559,1966,1946-1960,single_detached,225107
1560,1966,1961-1970,total,230462
1561,1966,1961-1970,apartments,134107
1562,1966,1961-1970,mobile,2058
1563,1966,1961-1970,single_attached,9101
1564,1966,1961-1970,single_detached,85194
1565,1966,1971-1980,total,0
1566,1966,1971-1980,apartments,0
1567,1966,1971-1980,mobile,0
1568,1966,1971-1980,single_attached,0
1569,1966,1971-1980,single_detached,0
1570,1966,1981-1990,total,0
1571,1966,1981-1990,apartments,0
1572,1966,1981-1990,mobile,0
1573,1966,1981-1990,single_attached,0
1574,1966,1981-1990,single_detached,0
1575,1966,1991-1995,total,0
1576,1966,1991-1995,apartments,0
1577,1966,1991-1995,mobile,0
1578,1966,1991-1995,single_attached,0
1579,1966,1991-1995,single_detached,0
1580,1966,1996-2000,total,0
1581,1966,1996-2000,apartments,0
1582,1966,1996-2000,mobile,0
1583,1966,1996-2000,single_attached,0
1584,1966,1996-2000,single_detached,0
1585,1966,2001-2005,total,0
1586,1966,2001-2005,apartments,0
1587,1966,2001-2005,mobile,0
1588,1966,2001-2005,single_attached,0
1589,1966,2001-2005,single_detached,0
1590,1966,2006-2010,total,0
1591,1966,2006-2010,apartments,0
1592,1966,2006-2010,mobile,0
1593,1966,2006-2010,single_attached,0
1594,1966,2006-2010,single_detached,0
1595,1966,2011-2015,total,0
1596,1966,2011-2015,apartments,0
1597,1966,2011-2015,mobile,0
1598,1966,2011-2015,single_attached,0
1599,1966,2011-2015,single_detached,0
1600,1966,2016-2020,total,0
1601,1966,2016-2020,apartments,0
1602,1966,2016-2020,mobile,0
1603,1966,2016-2020,single_attached,0
1604,1966,2016-2020,single_detached,0
1605,1966,2021-2025,total,0
1606,1966,2021-2025,apartments,0
1607,1966,2021-2025,mobile,0
1608,1966,2021-2025,single_attached,0
1609,1966,2021-2025,single_detached,0
1610,1971,0-2025,total,1603685
1611,1971,0-2025,apartments,641650
1612,1971,0-2025,mobile,6490
1613,1971,0-2025,single_attached,315025
1614,1971,0-2025,single_detached,640520
1615,1971,1608-1920,total,316031
1616,1971,1608-1920,apartments,89090
1617,1971,1608-1920,mobile,64
1618,1971,1608-1920,single_attached,99060
1619,1971,1608-1920,single_detached,127815
1620,1971,1921-1945,total,285631
1621,1971,1921-1945,apartments,111845
1622,1971,1921-1945,mobile,49
1623,1971,1921-1945,single_attached,81074
1624,1971,1921-1945,single_detached,92660
1625,1971,1946-1960,total,543552
1626,1971,1946-1960,apartments,224591
1627,1971,1946-1960,mobile,974
1628,1971,1946-1960,single_attached,83564
1629,1971,1946-1960,single_detached,234420
1630,1971,1961-1970,total,441646
1631,1971,1961-1970,apartments,208472
1632,1971,1961-1970,mobile,4936
1633,1971,1961-1970,single_attached,48688
1634,1971,1961-1970,single_detached,179547
1635,1971,1971-1980,total,16825
1636,1971,1971-1980,apartments,7648
1637,1971,1971-1980,mobile,463
1638,1971,1971-1980,single_attached,2636
1639,1971,1971-1980,single_detached,6076
1640,1971,1981-1990,total,0
1641,1971,1981-1990,apartments,0
1642,1971,1981-1990,mobile,0
1643,1971,1981-1990,single_attached,0
1644,1971,1981-1990,single_detached,0
1645,1971,1991-1995,total,0
1646,1971,1991-1995,apartments,0
1647,1971,1991-1995,mobile,0
1648,1971,1991-1995,single_attached,0
1649,1971,1991-1995,single_detached,0
1650,1971,1996-2000,total,0
1651,1971,1996-2000,apartments,0
1652,1971,1996-2000,mobile,0
1653,1971,1996-2000,single_attached,0
1654,1971,1996-2000,single_detached,0
1655,1971,2001-2005,total,0
1656,1971,2001-2005,apartments,0
1657,1971,2001-2005,mobile,0
1658,1971,2001-2005,single_attached,0
1659,1971,2001-2005,single_detached,0
1660,1971,2006-2010,total,0
1661,1971,2006-2010,apartments,0
1662,1971,2006-2010,mobile,0
1663,1971,2006-2010,single_attached,0
1664,1971,2006-2010,single_detached,0
1665,1971,2011-2015,total,0
1666,1971,2011-2015,apartments,0
1667,1971,2011-2015,mobile,0
1668,1971,2011-2015,single_attached,0
1669,1971,2011-2015,single_detached,0
1670,1971,2016-2020,total,0
1671,1971,2016-2020,apartments,0
1672,1971,2016-2020,mobile,0
1673,1971,2016-2020,single_attached,0
1674,1971,2016-2020,single_detached,0
1675,1971,2021-2025,total,0
1676,1971,2021-2025,apartments,0
1677,1971,2021-2025,mobile,0
1678,1971,2021-2025,single_attached,0
1679,1971,2021-2025,single_detached,0
1680,1976,0-2025,total,1894111
1681,1976,0-2025,apartments,847431
1682,1976,0-2025,mobile,27885
1683,1976,0-2025,single_attached,273200
1684,1976,0-2025,single_detached,745595
1685,1976,1608-1920,total,243581
1686,1976,1608-1920,apartments,93473
1687,1976,1608-1920,mobile,268
1688,1976,1608-1920,single_attached,43298
1689,1976,1608-1920,single_detached,106541
1690,1976,1921-1945,total,302972
1691,1976,1921-1945,apartments,157272
1692,1976,1921-1945,mobile,331
1693,1976,1921-1945,single_attached,42842
1694,1976,1921-1945,single_detached,102526
1695,1976,1946-1960,total,530928
1696,1976,1946-1960,apartments,264843
1697,1976,1946-1960,mobile,1237
1698,1976,1946-1960,single_attached,70090
1699,1976,1946-1960,single_detached,194756
1700,1976,1961-1970,total,492852
1701,1976,1961-1970,apartments,237259
1702,1976,1961-1970,mobile,5285
1703,1976,1961-1970,single_attached,58758
1704,1976,1961-1970,single_detached,191548
1705,1976,1971-1980,total,323778
1706,1976,1971-1980,apartments,94581
1707,1976,1971-1980,mobile,20763
1708,1976,1971-1980,single_attached,58210
1709,1976,1971-1980,single_detached,150221
1710,1976,1981-1990,total,0
1711,1976,1981-1990,apartments,0
1712,1976,1981-1990,mobile,0
1713,1976,1981-1990,single_attached,0
1714,1976,1981-1990,single_detached,0
1715,1976,1991-1995,total,0
1716,1976,1991-1995,apartments,0
1717,1976,1991-1995,mobile,0
1718,1976,1991-1995,single_attached,0
1719,1976,1991-1995,single_detached,0
1720,1976,1996-2000,total,0
1721,1976,1996-2000,apartments,0
1722,1976,1996-2000,mobile,0
1723,1976,1996-2000,single_attached,0
1724,1976,1996-2000,single_detached,0
1725,1976,2001-2005,total,0
1726,1976,2001-2005,apartments,0
1727,1976,2001-2005,mobile,0
1728,1976,2001-2005,single_attached,0
1729,1976,2001-2005,single_detached,0
1730,1976,2006-2010,total,0
1731,1976,2006-2010,apartments,0
1732,1976,2006-2010,mobile,0
1733,1976,2006-2010,single_attached,0
1734,1976,2006-2010,single_detached,0
1735,1976,2011-2015,total,0
1736,1976,2011-2015,apartments,0
1737,1976,2011-2015,mobile,0
1738,1976,2011-2015,single_attached,0
1739,1976,2011-2015,single_detached,0
1740,1976,2016-2020,total,0
1741,1976,2016-2020,apartments,0
1742,1976,2016-2020,mobile,0
1743,1976,2016-2020,single_attached,0
1744,1976,2016-2020,single_detached,0
1745,1976,2021-2025,total,0
1746,1976,2021-2025,apartments,0
1747,1976,2021-2025,mobile,0
1748,1976,2021-2025,single_attached,0
1749,1976,2021-2025,single_detached,0
1750,1981,0-2025,total,2172860
1751,1981,0-2025,apartments,949215
1752,1981,0-2025,mobile,37155
1753,1981,0-2025,single_attached,231985
1754,1981,0-2025,single_detached,954505
1755,1981,1608-1920,total,237669
1756,1981,1608-1920,apartments,93805
1757,1981,1608-1920,mobile,205
1758,1981,1608-1920,single_attached,29901
1759,1981,1608-1920,single_detached,113756
1760,1981,1921-1945,total,295620
1761,1981,1921-1945,apartments,157021
1762,1981,1921-1945,mobile,253
1763,1981,1921-1945,single_attached,29435
1764,1981,1921-1945,single_detached,108909
1765,1981,1946-1960,total,518041
1766,1981,1946-1960,apartments,263220
1767,1981,1946-1960,mobile,939
1768,1981,1946-1960,single_attached,47938
1769,1981,1946-1960,single_detached,205942
1770,1981,1961-1970,total,480891
1771,1981,1961-1970,apartments,234990
1772,1981,1961-1970,mobile,4001
1773,1981,1961-1970,single_attached,40048
1774,1981,1961-1970,single_detached,201850
1775,1981,1971-1980,total,615016
1776,1981,1971-1980,apartments,187437
1777,1981,1971-1980,mobile,31452
1778,1981,1971-1980,single_attached,79387
1779,1981,1971-1980,single_detached,316738
1780,1981,1981-1990,total,25623
1781,1981,1981-1990,apartments,12738
1782,1981,1981-1990,mobile,304
1783,1981,1981-1990,single_attached,5273
1784,1981,1981-1990,single_detached,7306
1785,1981,1991-1995,total,0
1786,1981,1991-1995,apartments,0
1787,1981,1991-1995,mobile,0
1788,1981,1991-1995,single_attached,0
1789,1981,1991-1995,single_detached,0
1790,1981,1996-2000,total,0
1791,1981,1996-2000,apartments,0
1792,1981,1996-2000,mobile,0
1793,1981,1996-2000,single_attached,0
1794,1981,1996-2000,single_detached,0
1795,1981,2001-2005,total,0
1796,1981,2001-2005,apartments,0
1797,1981,2001-2005,mobile,0
1798,1981,2001-2005,single_attached,0
1799,1981,2001-2005,single_detached,0
1800,1981,2006-2010,total,0
1801,1981,2006-2010,apartments,0
1802,1981,2006-2010,mobile,0
1803,1981,2006-2010,single_attached,0
1804,1981,2006-2010,single_detached,0
1805,1981,2011-2015,total,0
1806,1981,2011-2015,apartments,0
1807,1981,2011-2015,mobile,0
1808,1981,2011-2015,single_attached,0
1809,1981,2011-2015,single_detached,0
1810,1981,2016-2020,total,0
1811,1981,2016-2020,apartments,0
1812,1981,2016-2020,mobile,0
1813,1981,2016-2020,single_attached,0
1814,1981,2016-2020,single_detached,0
1815,1981,2021-2025,total,0
1816,1981,2021-2025,apartments,0
1817,1981,2021-2025,mobile,0
1818,1981,2021-2025,single_attached,0
1819,1981,2021-2025,single_detached,0
1820,1986,0-2025,total,2357105
1821,1986,0-2025,apartments,1127619
1822,1986,0-2025,mobile,17150
1823,1986,0-2025,single_attached,180106
1824,1986,0-2025,single_detached,1032230
1825,1986,1608-1920,total,223651
1826,1986,1608-1920,apartments,100828
1827,1986,1608-1920,mobile,74
1828,1986,1608-1920,single_attached,19495
1829,1986,1608-1920,single_detached,103251
1830,1986,1921-1945,total,280652
1831,1986,1921-1945,apartments,174916
1832,1986,1921-1945,mobile,79
1833,1986,1921-1945,single_attached,19889
1834,1986,1921-1945,single_detached,85765
1835,1986,1946-1960,total,506726
1836,1986,1946-1960,apartments,274122
1837,1986,1946-1960,mobile,369
1838,1986,1946-1960,single_attached,30282
1839,1986,1946-1960,single_detached,201950
1840,1986,1961-1970,total,469903
1841,1986,1961-1970,apartments,243940
1842,1986,1961-1970,mobile,1583
1843,1986,1961-1970,single_attached,25217
1844,1986,1961-1970,single_detached,199160
1845,1986,1971-1980,total,647371
1846,1986,1971-1980,apartments,241222
1847,1986,1971-1980,mobile,13183
1848,1986,1971-1980,single_attached,61972
1849,1986,1971-1980,single_detached,330993
1850,1986,1981-1990,total,228802
1851,1986,1981-1990,apartments,92588
1852,1986,1981-1990,mobile,1858
1853,1986,1981-1990,single_attached,23247
1854,1986,1981-1990,single_detached,111107
1855,1986,1991-1995,total,0
1856,1986,1991-1995,apartments,0
1857,1986,1991-1995,mobile,0
1858,1986,1991-1995,single_attached,0
1859,1986,1991-1995,single_detached,0
1860,1986,1996-2000,total,0
1861,1986,1996-2000,apartments,0
1862,1986,1996-2000,mobile,0
1863,1986,1996-2000,single_attached,0
1864,1986,1996-2000,single_detached,0
1865,1986,2001-2005,total,0
1866,1986,2001-2005,apartments,0
1867,1986,2001-2005,mobile,0
1868,1986,2001-2005,single_attached,0
1869,1986,2001-2005,single_detached,0
1870,1986,2006-2010,total,0
1871,1986,2006-2010,apartments,0
1872,1986,2006-2010,mobile,0
1873,1986,2006-2010,single_attached,0
1874,1986,2006-2010,single_detached,0
1875,1986,2011-2015,total,0
1876,1986,2011-2015,apartments,0
1877,1986,2011-2015,mobile,0
1878,1986,2011-2015,single_attached,0
1879,1986,2011-2015,single_detached,0
1880,1986,2016-2020,total,0
1881,1986,2016-2020,apartments,0
1882,1986,2016-2020,mobile,0
1883,1986,2016-2020,single_attached,0
1884,1986,2016-2020,single_detached,0
1885,1986,2021-2025,total,0
1886,1986,2021-2025,apartments,0
1887,1986,2021-2025,mobile,0
1888,1986,2021-2025,single_attached,0
1889,1986,2021-2025,single_detached,0
1890,1991,0-2025,total,2634300
1891,1991,0-2025,apartments,1236930
1892,1991,0-2025,mobile,24720
1893,1991,0-2025,single_attached,197565
1894,1991,0-2025,single_detached,1175085
1895,1991,1608-1920,total,204285
1896,1991,1608-1920,apartments,90653
1897,1991,1608-1920,mobile,70
1898,1991,1608-1920,single_attached,16658
1899,1991,1608-1920,single_detached,96902
1900,1991,1921-1945,total,270500
1901,1991,1921-1945,apartments,165085
1902,1991,1921-1945,mobile,110
1903,1991,1921-1945,single_attached,17840
1904,1991,1921-1945,single_detached,87463
1905,1991,1946-1960,total,495943
1906,1991,1946-1960,apartments,270641
1907,1991,1946-1960,mobile,386
1908,1991,1946-1960,single_attached,28414
1909,1991,1946-1960,single_detached,196500
1910,1991,1961-1970,total,498970
1911,1991,1961-1970,apartments,264277
1912,1991,1961-1970,mobile,2139
1913,1991,1961-1970,single_attached,25964
1914,1991,1961-1970,single_detached,206589
1915,1991,1971-1980,total,600199
1916,1991,1971-1980,apartments,209927
1917,1991,1971-1980,mobile,17041
1918,1991,1971-1980,single_attached,51256
1919,1991,1971-1980,single_detached,321973
1920,1991,1981-1990,total,553584
1921,1991,1981-1990,apartments,232460
1922,1991,1981-1990,mobile,4790
1923,1991,1981-1990,single_attached,55472
1924,1991,1981-1990,single_detached,260860
1925,1991,1991-1995,total,10819
1926,1991,1991-1995,apartments,3884
1927,1991,1991-1995,mobile,180
1928,1991,1991-1995,single_attached,1957
1929,1991,1991-1995,single_detached,4796
1930,1991,1996-2000,total,0
1931,1991,1996-2000,apartments,0
1932,1991,1996-2000,mobile,0
1933,1991,1996-2000,single_attached,0
1934,1991,1996-2000,single_detached,0
1935,1991,2001-2005,total,0
1936,1991,2001-2005,apartments,0
1937,1991,2001-2005,mobile,0
1938,1991,2001-2005,single_attached,0
1939,1991,2001-2005,single_detached,0
1940,1991,2006-2010,total,0
1941,1991,2006-2010,apartments,0
1942,1991,2006-2010,mobile,0
1943,1991,2006-2010,single_attached,0
1944,1991,2006-2010,single_detached,0
1945,1991,2011-2015,total,0
1946,1991,2011-2015,apartments,0
1947,1991,2011-2015,mobile,0
1948,1991,2011-2015,single_attached,0
1949,1991,2011-2015,single_detached,0
1950,1991,2016-2020,total,0
1951,1991,2016-2020,apartments,0
1952,1991,2016-2020,mobile,0
1953,1991,2016-2020,single_attached,0
1954,1991,2016-2020,single_detached,0
1955,1991,2021-2025,total,0
1956,1991,2021-2025,apartments,0
1957,1991,2021-2025,mobile,0
1958,1991,2021-2025,single_attached,0
1959,1991,2021-2025,single_detached,0
1960,1996,0-2025,total,2822030
1961,1996,0-2025,apartments,1310895
1962,1996,0-2025,mobile,19350
1963,1996,0-2025,single_attached,219180
1964,1996,0-2025,single_detached,1272605
1965,1996,1608-1920,total,200470
1966,1996,1608-1920,apartments,88334
1967,1996,1608-1920,mobile,30
1968,1996,1608-1920,single_attached,15333
1969,1996,1608-1920,single_detached,96772
1970,1996,1921-1945,total,257734
1971,1996,1921-1945,apartments,158992
1972,1996,1921-1945,mobile,70
1973,1996,1921-1945,single_attached,16229
1974,1996,1921-1945,single_detached,82441
1975,1996,1946-1960,total,522165
1976,1996,1946-1960,apartments,288480
1977,1996,1946-1960,mobile,265
1978,1996,1946-1960,single_attached,28609
1979,1996,1946-1960,single_detached,204809
1980,1996,1961-1970,total,493595
1981,1996,1961-1970,apartments,263756
1982,1996,1961-1970,mobile,2041
1983,1996,1961-1970,single_attached,24477
1984,1996,1961-1970,single_detached,203319
1985,1996,1971-1980,total,604807
1986,1996,1971-1980,apartments,218161
1987,1996,1971-1980,mobile,11974
1988,1996,1971-1980,single_attached,50315
1989,1996,1971-1980,single_detached,324356
1990,1996,1981-1990,total,530101
1991,1996,1981-1990,apartments,220660
1992,1996,1981-1990,mobile,3737
1993,1996,1981-1990,single_attached,49738
1994,1996,1981-1990,single_detached,255964
1995,1996,1991-1995,total,208484
1996,1996,1991-1995,apartments,70993
1997,1996,1991-1995,mobile,1195
1998,1996,1991-1995,single_attached,33773
1999,1996,1991-1995,single_detached,102521
2000,1996,1996-2000,total,4674
2001,1996,1996-2000,apartments,1515
2002,1996,1996-2000,mobile,35
2003,1996,1996-2000,single_attached,702
2004,1996,1996-2000,single_detached,2419
2005,1996,2001-2005,total,0
2006,1996,2001-2005,apartments,0
2007,1996,2001-2005,mobile,0
2008,1996,2001-2005,single_attached,0
2009,1996,2001-2005,single_detached,0
2010,1996,2006-2010,total,0
2011,1996,2006-2010,apartments,0
2012,1996,2006-2010,mobile,0
2013,1996,2006-2010,single_attached,0
2014,1996,2006-2010,single_detached,0
2015,1996,2011-2015,total,0
2016,1996,2011-2015,apartments,0
2017,1996,2011-2015,mobile,0
2018,1996,2011-2015,single_attached,0
2019,1996,2011-2015,single_detached,0
2020,1996,2016-2020,total,0
2021,1996,2016-2020,apartments,0
2022,1996,2016-2020,mobile,0
2023,1996,2016-2020,single_attached,0
2024,1996,2016-2020,single_detached,0
2025,1996,2021-2025,total,0
2026,1996,2021-2025,apartments,0
2027,1996,2021-2025,mobile,0
2028,1996,2021-2025,single_attached,0
2029,1996,2021-2025,single_detached,0
2030,2001,0-2025,total,2978115
2031,2001,0-2025,apartments,1339680
2032,2001,0-2025,mobile,21645
2033,2001,0-2025,single_attached,245785
2034,2001,0-2025,single_detached,1371005
2035,2001,1608-1920,total,204124
2036,2001,1608-1920,apartments,92514
2037,2001,1608-1920,mobile,319
2038,2001,1608-1920,single_attached,16806
2039,2001,1608-1920,single_detached,94484
2040,2001,1921-1945,total,246102
2041,2001,1921-1945,apartments,148960
2042,2001,1921-1945,mobile,331
2043,2001,1921-1945,single_attached,15914
2044,2001,1921-1945,single_detached,80895
2045,2001,1946-1960,total,533872
2046,2001,1946-1960,apartments,287972
2047,2001,1946-1960,mobile,835
2048,2001,1946-1960,single_attached,29888
2049,2001,1946-1960,single_detached,215175
2050,2001,1961-1970,total,505722
2051,2001,1961-1970,apartments,266417
2052,2001,1961-1970,mobile,1960
2053,2001,1961-1970,single_attached,25875
2054,2001,1961-1970,single_detached,211469
2055,2001,1971-1980,total,610278
2056,2001,1971-1980,apartments,217375
2057,2001,1971-1980,mobile,11796
2058,2001,1971-1980,single_attached,52468
2059,2001,1971-1980,single_detached,328637
2060,2001,1981-1990,total,530583
2061,2001,1981-1990,apartments,215117
2062,2001,1981-1990,mobile,4320
2063,2001,1981-1990,single_attached,50748
2064,2001,1981-1990,single_detached,260396
2065,2001,1991-1995,total,207943
2066,2001,1991-1995,apartments,69344
2067,2001,1991-1995,mobile,1315
2068,2001,1991-1995,single_attached,34525
2069,2001,1991-1995,single_detached,102758
2070,2001,1996-2000,total,128764
2071,2001,1996-2000,apartments,38104
2072,2001,1996-2000,mobile,716
2073,2001,1996-2000,single_attached,18481
2074,2001,1996-2000,single_detached,71462
2075,2001,2001-2005,total,10727
2076,2001,2001-2005,apartments,3873
2077,2001,2001-2005,mobile,51
2078,2001,2001-2005,single_attached,1076
2079,2001,2001-2005,single_detached,5725
2080,2001,2006-2010,total,0
2081,2001,2006-2010,apartments,0
2082,2001,2006-2010,mobile,0
2083,2001,2006-2010,single_attached,0
2084,2001,2006-2010,single_detached,0
2085,2001,2011-2015,total,0
2086,2001,2011-2015,apartments,0
2087,2001,2011-2015,mobile,0
2088,2001,2011-2015,single_attached,0
2089,2001,2011-2015,single_detached,0
2090,2001,2016-2020,total,0
2091,2001,2016-2020,apartments,0
2092,2001,2016-2020,mobile,0
2093,2001,2016-2020,single_attached,0
2094,2001,2016-2020,single_detached,0
2095,2001,2021-2025,total,0
2096,2001,2021-2025,apartments,0
2097,2001,2021-2025,mobile,0
2098,2001,2021-2025,single_attached,0
2099,2001,2021-2025,single_detached,0
2100,2006,0-2025,total,3189345
2101,2006,0-2025,apartments,1461450
2102,2006,0-2025,mobile,21545
2103,2006,0-2025,single_attached,247946
2104,2006,0-2025,single_detached,1458404
2105,2006,1608-1920,total,210026
2106,2006,1608-1920,apartments,98655
2107,2006,1608-1920,mobile,309
2108,2006,1608-1920,single_attached,15904
2109,2006,1608-1920,single_detached,95155
2110,2006,1921-1945,total,230576
2111,2006,1921-1945,apartments,143240
2112,2006,1921-1945,mobile,289
2113,2006,1921-1945,single_attached,13580
2114,2006,1921-1945,single_detached,73465
2115,2006,1946-1960,total,538443
2116,2006,1946-1960,apartments,299065
2117,2006,1946-1960,mobile,789
2118,2006,1946-1960,single_attached,27545
2119,2006,1946-1960,single_detached,211042
2120,2006,1961-1970,total,494997
2121,2006,1961-1970,apartments,268651
2122,2006,1961-1970,mobile,1799
2123,2006,1961-1970,single_attached,23155
2124,2006,1961-1970,single_detached,201390
2125,2006,1971-1980,total,610933
2126,2006,1971-1980,apartments,226994
2127,2006,1971-1980,mobile,11212
2128,2006,1971-1980,single_attached,48620
2129,2006,1971-1980,single_detached,324105
2130,2006,1981-1990,total,532117
2131,2006,1981-1990,apartments,224443
2132,2006,1981-1990,mobile,4104
2133,2006,1981-1990,single_attached,46985
2134,2006,1981-1990,single_detached,256583
2135,2006,1991-1995,total,213406
2136,2006,1991-1995,apartments,74653
2137,2006,1991-1995,mobile,1289
2138,2006,1991-1995,single_attached,32984
2139,2006,1991-1995,single_detached,104478
2140,2006,1996-2000,total,142946
2141,2006,1996-2000,apartments,44410
2142,2006,1996-2000,mobile,759
2143,2006,1996-2000,single_attached,19115
2144,2006,1996-2000,single_detached,78660
2145,2006,2001-2005,total,199294
2146,2006,2001-2005,apartments,75077
2147,2006,2001-2005,mobile,913
2148,2006,2001-2005,single_attached,18512
2149,2006,2001-2005,single_detached,104790
2150,2006,2006-2010,total,16607
2151,2006,2006-2010,apartments,6256
2152,2006,2006-2010,mobile,75
2153,2006,2006-2010,single_attached,1542
2154,2006,2006-2010,single_detached,8732
2155,2006,2011-2015,total,0
2156,2006,2011-2015,apartments,0
2157,2006,2011-2015,mobile,0
2158,2006,2011-2015,single_attached,0
2159,2006,2011-2015,single_detached,0
2160,2006,2016-2020,total,0
2161,2006,2016-2020,apartments,0
2162,2006,2016-2020,mobile,0
2163,2006,2016-2020,single_attached,0
2164,2006,2016-2020,single_detached,0
2165,2006,2021-2025,total,0
2166,2006,2021-2025,apartments,0
2167,2006,2021-2025,mobile,0
2168,2006,2021-2025,single_attached,0
2169,2006,2021-2025,single_detached,0
2170,2011,0-2025,total,3395220
2171,2011,0-2025,apartments,1535366
2172,2011,0-2025,mobile,22875
2173,2011,0-2025,single_attached,276634
2174,2011,0-2025,single_detached,1560345
2175,2011,1608-1920,total,213271
2176,2011,1608-1920,apartments,100080
2177,2011,1608-1920,mobile,169
2178,2011,1608-1920,single_attached,16204
2179,2011,1608-1920,single_detached,96815
2180,2011,1921-1945,total,215636
2181,2011,1921-1945,apartments,133123
2182,2011,1921-1945,mobile,124
2183,2011,1921-1945,single_attached,12735
2184,2011,1921-1945,single_detached,69651
2185,2011,1946-1960,total,517986
2186,2011,1946-1960,apartments,282912
2187,2011,1946-1960,mobile,669
2188,2011,1946-1960,single_attached,27095
2189,2011,1946-1960,single_detached,207308
2190,2011,1961-1970,total,507746
2191,2011,1961-1970,apartments,279143
2192,2011,1961-1970,mobile,2058
2193,2011,1961-1970,single_attached,24210
2194,2011,1961-1970,single_detached,202333
2195,2011,1971-1980,total,607712
2196,2011,1971-1980,apartments,223658
2197,2011,1971-1980,mobile,11742
2198,2011,1971-1980,single_attached,48666
2199,2011,1971-1980,single_detached,323644
2200,2011,1981-1990,total,533791
2201,2011,1981-1990,apartments,224747
2202,2011,1981-1990,mobile,4332
2203,2011,1981-1990,single_attached,48040
2204,2011,1981-1990,single_detached,256671
2205,2011,1991-1995,total,207656
2206,2011,1991-1995,apartments,71780
2207,2011,1991-1995,mobile,1299
2208,2011,1991-1995,single_attached,31360
2209,2011,1991-1995,single_detached,103215
2210,2011,1996-2000,total,145695
2211,2011,1996-2000,apartments,47091
2212,2011,1996-2000,mobile,774
2213,2011,1996-2000,single_attached,20123
2214,2011,1996-2000,single_detached,77704
2215,2011,2001-2005,total,206041
2216,2011,2001-2005,apartments,74992
2217,2011,2001-2005,mobile,614
2218,2011,2001-2005,single_attached,19165
2219,2011,2001-2005,single_detached,111268
2220,2011,2006-2010,total,221249
2221,2011,2006-2010,apartments,90308
2222,2011,2006-2010,mobile,1006
2223,2011,2006-2010,single_attached,26800
2224,2011,2006-2010,single_detached,103133
2225,2011,2011-2015,total,18437
2226,2011,2011-2015,apartments,7526
2227,2011,2011-2015,mobile,82
2228,2011,2011-2015,single_attached,2231
2229,2011,2011-2015,single_detached,8596
2230,2011,2016-2020,total,0
2231,2011,2016-2020,apartments,0
2232,2011,2016-2020,mobile,0
2233,2011,2016-2020,single_attached,0
2234,2011,2016-2020,single_detached,0
2235,2011,2021-2025,total,0
2236,2011,2021-2025,apartments,0
2237,2011,2021-2025,mobile,0
2238,2011,2021-2025,single_attached,0
2239,2011,2021-2025,single_detached,0
2240,2016,0-2025,total,3531660
2241,2016,0-2025,apartments,1606145
2242,2016,0-2025,mobile,23295
2243,2016,0-2025,single_attached,299549
2244,2016,0-2025,single_detached,1602671
2245,2016,1608-1920,total,204420
2246,2016,1608-1920,apartments,98847
2247,2016,1608-1920,mobile,169
2248,2016,1608-1920,single_attached,15955
2249,2016,1608-1920,single_detached,89447
2250,2016,1921-1945,total,197305
2251,2016,1921-1945,apartments,117438
2252,2016,1921-1945,mobile,144
2253,2016,1921-1945,single_attached,12121
2254,2016,1921-1945,single_detached,67599
2255,2016,1946-1960,total,492769
2256,2016,1946-1960,apartments,260621
2257,2016,1946-1960,mobile,509
2258,2016,1946-1960,single_attached,26380
2259,2016,1946-1960,single_detached,205256
2260,2016,1961-1970,total,491449
2261,2016,1961-1970,apartments,267369
2262,2016,1961-1970,mobile,1999
2263,2016,1961-1970,single_attached,22711
2264,2016,1961-1970,single_detached,199368
2265,2016,1971-1980,total,625309
2266,2016,1971-1980,apartments,242662
2267,2016,1971-1980,mobile,11212
2268,2016,1971-1980,single_attached,49662
2269,2016,1971-1980,single_detached,321771
2270,2016,1981-1990,total,503494
2271,2016,1981-1990,apartments,207387
2272,2016,1981-1990,mobile,4334
2273,2016,1981-1990,single_attached,45611
2274,2016,1981-1990,single_detached,246160
2275,2016,1991-1995,total,214310
2276,2016,1991-1995,apartments,77722
2277,2016,1991-1995,mobile,1249
2278,2016,1991-1995,single_attached,32640
2279,2016,1991-1995,single_detached,102696
2280,2016,1996-2000,total,154710
2281,2016,1996-2000,apartments,56233
2282,2016,1996-2000,mobile,664
2283,2016,1996-2000,single_attached,19245
2284,2016,1996-2000,single_detached,78566
2285,2016,2001-2005,total,196830
2286,2016,2001-2005,apartments,71081
2287,2016,2001-2005,mobile,884
2288,2016,2001-2005,single_attached,18521
2289,2016,2001-2005,single_detached,106342
2290,2016,2006-2010,total,241549
2291,2016,2006-2010,apartments,100671
2292,2016,2006-2010,mobile,874
2293,2016,2006-2010,single_attached,29116
2294,2016,2006-2010,single_detached,110885
2295,2016,2011-2015,total,193399
2296,2016,2011-2015,apartments,97944
2297,2016,2011-2015,mobile,1153
2298,2016,2011-2015,single_attached,25461
2299,2016,2011-2015,single_detached,68839
2300,2016,2016-2020,total,16116
2301,2016,2016-2020,apartments,8162
2302,2016,2016-2020,mobile,95
2303,2016,2016-2020,single_attached,2120
2304,2016,2016-2020,single_detached,5737
2305,2016,2021-2025,total,0
2306,2016,2021-2025,apartments,0
2307,2016,2021-2025,mobile,0
2308,2016,2021-2025,single_attached,0
2309,2016,2021-2025,single_detached,0
2310,2021,0-2025,total,3749035
2311,2021,0-2025,apartments,1738190
2312,2021,0-2025,mobile,23640
2313,2021,0-2025,single_attached,315106
2314,2021,0-2025,single_detached,1672099
2315,2021,1608-1920,total,215130
2316,2021,1608-1920,apartments,108419
2317,2021,1608-1920,mobile,234
2318,2021,1608-1920,single_attached,15700
2319,2021,1608-1920,single_detached,90775
2320,2021,1921-1945,total,191220
2321,2021,1921-1945,apartments,113371
2322,2021,1921-1945,mobile,154
2323,2021,1921-1945,single_attached,11755
2324,2021,1921-1945,single_detached,65938
2325,2021,1946-1960,total,473024
2326,2021,1946-1960,apartments,244623
2327,2021,1946-1960,mobile,544
2328,2021,1946-1960,single_attached,25511
2329,2021,1946-1960,single_detached,202344
2330,2021,1961-1970,total,490394
2331,2021,1961-1970,apartments,262839
2332,2021,1961-1970,mobile,2160
2333,2021,1961-1970,single_attached,22692
2334,2021,1961-1970,single_detached,202702
2335,2021,1971-1980,total,624299
2336,2021,1971-1980,apartments,243701
2337,2021,1971-1980,mobile,10289
2338,2021,1971-1980,single_attached,49316
2339,2021,1971-1980,single_detached,320990
2340,2021,1981-1990,total,509124
2341,2021,1981-1990,apartments,210730
2342,2021,1981-1990,mobile,4105
2343,2021,1981-1990,single_attached,46167
2344,2021,1981-1990,single_detached,248121
2345,2021,1991-1995,total,219080
2346,2021,1991-1995,apartments,83956
2347,2021,1991-1995,mobile,1150
2348,2021,1991-1995,single_attached,32087
2349,2021,1991-1995,single_detached,101886
2350,2021,1996-2000,total,166240
2351,2021,1996-2000,apartments,66941
2352,2021,1996-2000,mobile,850
2353,2021,1996-2000,single_attached,19606
2354,2021,1996-2000,single_detached,78841
2355,2021,2001-2005,total,198590
2356,2021,2001-2005,apartments,75349
2357,2021,2001-2005,mobile,744
2358,2021,2001-2005,single_attached,18005
2359,2021,2001-2005,single_detached,104489
2360,2021,2006-2010,total,231934
2361,2021,2006-2010,apartments,96306
2362,2021,2006-2010,mobile,1029
2363,2021,2006-2010,single_attached,27615
2364,2021,2006-2010,single_detached,106981
2365,2021,2011-2015,total,212285
2366,2021,2011-2015,apartments,106074
2367,2021,2011-2015,mobile,1029
2368,2021,2011-2015,single_attached,27811
2369,2021,2011-2015,single_detached,77369
2370,2021,2016-2020,total,200968
2371,2021,2016-2020,apartments,116193
2372,2021,2016-2020,mobile,1242
2373,2021,2016-2020,single_attached,17388
2374,2021,2016-2020,single_detached,66144
2375,2021,2021-2025,total,16747
2376,2021,2021-2025,apartments,9683
2377,2021,2021-2025,mobile,103
2378,2021,2021-2025,single_attached,1448
2379,2021,2021-2025,single_detached,5511
